"pathway","control_mean","T2D_mean","log2FC","p_value","FDR","category","direction"
"PWY-6285: superpathway of fatty acids biosynthesis (E. coli)",3.52743529595016e-06,1.71352718181818e-05,2.28024507366521,9.47510174964768e-19,3.81233505691707e-18,"Lipid metabolism","T2D_enriched"
"PWY-7094: fatty acid salvage",8.03544299065421e-07,3.75408761454545e-06,2.22387175361739,2.33984943924263e-18,8.89142786912199e-18,"Lipid metabolism","T2D_enriched"
"PWY-5656: mannosylglycerate biosynthesis I",1.94482973520249e-06,8.96677244909091e-06,2.20488684033384,3.33454560473062e-29,8.14581854869909e-28,"Other","T2D_enriched"
"PWY-5860: superpathway of demethylmenaquinol-6 biosynthesis I",2.55712806853583e-06,1.15808919454545e-05,2.17910609022166,7.71749818929417e-19,3.14212426278406e-18,"Other","T2D_enriched"
"PWY-5855: ubiquinol-7 biosynthesis (prokaryotic)",5.4853277258567e-07,2.46681371454545e-06,2.16879454597161,2.48638466128614e-14,6.59181049736327e-14,"Other","T2D_enriched"
"PWY-5856: ubiquinol-9 biosynthesis (prokaryotic)",5.4853277258567e-07,2.46681371454545e-06,2.16879454597161,2.48638466128614e-14,6.59181049736327e-14,"Other","T2D_enriched"
"PWY-5857: ubiquinol-10 biosynthesis (prokaryotic)",5.4853277258567e-07,2.46681371454545e-06,2.16879454597161,2.48638466128614e-14,6.59181049736327e-14,"Other","T2D_enriched"
"PWY-6708: ubiquinol-8 biosynthesis (prokaryotic)",5.4853277258567e-07,2.46681371454545e-06,2.16879454597161,2.48638466128614e-14,6.59181049736327e-14,"Other","T2D_enriched"
"PWY-5850: superpathway of menaquinol-6 biosynthesis I",3.50515722741433e-06,1.54953472181818e-05,2.14425217054067,7.5733482045557e-19,3.12058444091331e-18,"Other","T2D_enriched"
"PWY-5705: allantoin degradation to glyoxylate III",5.30754166666667e-07,2.32713458909091e-06,2.13222915278278,1.85249080804651e-17,6.39951370052432e-17,"Carbohydrate metabolism","T2D_enriched"
"UBISYN-PWY: superpathway of ubiquinol-8 biosynthesis (prokaryotic)",6.05169408099689e-07,2.65014792181818e-06,2.13047798485917,5.12961472864071e-13,1.24420442354264e-12,"Other","T2D_enriched"
"KETOGLUCONMET-PWY: ketogluconate metabolism",2.31110074766355e-06,1.01040516090909e-05,2.12823371067718,2.32049339316581e-27,3.30670308526128e-26,"Other","T2D_enriched"
"PWY-5896: superpathway of menaquinol-10 biosynthesis",3.55511813084112e-06,1.54953472181818e-05,2.12383440912367,1.5962200279204e-18,6.20349147214519e-18,"Other","T2D_enriched"
"PWY-5675: nitrate reduction V (assimilatory)",4.32871475233645e-06,1.85328975454545e-05,2.09805227499783,3.83878136397313e-31,1.45873691830979e-29,"Other","T2D_enriched"
"ENTBACSYN-PWY: enterobactin biosynthesis",3.20566621495327e-06,1.35038703636364e-05,2.07464251910413,3.68586397621536e-17,1.23584850967221e-16,"Other","T2D_enriched"
"PWY-6113: superpathway of mycolate biosynthesis",7.72295763239875e-06,3.24018007272727e-05,2.06883440302702,1.75235465964439e-24,1.30283759477909e-23,"Other","T2D_enriched"
"PWY-7204: pyridoxal 5'-phosphate salvage II (plants)",1.92717783333333e-06,7.97648506363636e-06,2.04920666861593,1.14667073632394e-19,5.60230559746838e-19,"Other","T2D_enriched"
"PWY-5971: palmitate biosynthesis II (bacteria and plants)",1.15666813084112e-05,4.77209158181818e-05,2.04463729230771,1.15602518374578e-24,8.7857913964679e-24,"Other","T2D_enriched"
"ARGDEG-PWY: superpathway of L-arginine, putrescine, and 4-aminobutanoate degradation",2.030186105919e-06,8.28218009090909e-06,2.02834494782513,1.19438672235309e-21,7.16632033411851e-21,"Amino acid metabolism","T2D_enriched"
"ORNARGDEG-PWY: superpathway of L-arginine and L-ornithine degradation",2.030186105919e-06,8.28218009090909e-06,2.02834494782513,1.19438672235309e-21,7.16632033411851e-21,"Other","T2D_enriched"
"KDO-NAGLIPASYN-PWY: superpathway of (Kdo)2-lipid A biosynthesis",8.09331641744548e-07,3.27484130909091e-06,2.01648789997804,9.93349287768176e-18,3.50232429295584e-17,"Lipid metabolism","T2D_enriched"
"PWY-4702: phytate degradation I",4.07705231619938e-06,1.62692089490909e-05,1.99651921294007,6.85154351726221e-32,3.34746840414811e-30,"Other","T2D_enriched"
"PWY3O-355: stearate biosynthesis III (fungi)",1.37356066978193e-06,5.39755554545455e-06,1.97430724866626,9.96323845620308e-21,5.24219623387916e-20,"Other","T2D_enriched"
"HCAMHPDEG-PWY: 3-phenylpropanoate and 3-(3-hydroxyphenyl)propanoate degradation to 2-oxopent-4-enoate",1.63464179127726e-06,6.40617642545455e-06,1.97042327160955,1.68259828172099e-19,7.67264816464771e-19,"Other","T2D_enriched"
"PWY-6690: cinnamate and 3-hydroxycinnamate degradation to 2-oxopent-4-enoate",1.63464179127726e-06,6.40617642545455e-06,1.97042327160955,1.68259828172099e-19,7.67264816464771e-19,"Other","T2D_enriched"
"PWY-6284: superpathway of unsaturated fatty acids biosynthesis (E. coli)",3.97807585669782e-06,1.54676887272727e-05,1.95908800651588,4.45323045562941e-24,3.24043577835161e-23,"Lipid metabolism","T2D_enriched"
"ORNDEG-PWY: superpathway of ornithine degradation",3.90350406542056e-06,1.50994692181818e-05,1.95162875507202,5.19402153104789e-23,3.48304973258506e-22,"Other","T2D_enriched"
"PWY-5920: superpathway of heme biosynthesis from glycine",1.60257781931464e-06,6.17544196363636e-06,1.94608131799073,6.23839392162668e-21,3.33364175186925e-20,"Other","T2D_enriched"
"PWY0-1277: 3-phenylpropanoate and 3-(3-hydroxyphenyl)propanoate degradation",2.01609719626168e-06,7.467652e-06,1.88903726721239,6.88267522544703e-19,2.87057917939376e-18,"Other","T2D_enriched"
"PWY0-1415: superpathway of heme biosynthesis from uroporphyrinogen-III",2.44392945482866e-06,8.78976256363636e-06,1.84657893562231,3.08757865954239e-27,4.06135346755191e-26,"Other","T2D_enriched"
"PWY-5367: petroselinate biosynthesis",1.78773074766355e-06,6.41604501818182e-06,1.84349658572315,4.12555464920289e-23,2.82187938005478e-22,"Other","T2D_enriched"
"ECASYN-PWY: enterobacterial common antigen biosynthesis",1.09341904984424e-06,3.90644064727273e-06,1.8369132720738,1.44643912853956e-13,3.66431245896688e-13,"Other","T2D_enriched"
"TCA-GLYOX-BYPASS: superpathway of glyoxylate bypass and TCA",6.54513512461059e-06,2.32563235454545e-05,1.8291123269787,1.03539855087082e-34,1.18035434799273e-32,"Carbohydrate metabolism","T2D_enriched"
"AST-PWY: L-arginine degradation II (AST pathway)",1.43142303582555e-06,5.08039349090909e-06,1.82741775305652,8.40423345301689e-20,4.16557658106055e-19,"Other","T2D_enriched"
"PWY0-42: 2-methylcitrate cycle I",1.52351836604361e-06,5.40165430727273e-06,1.8259264382816,2.62606038474771e-19,1.18172717313647e-18,"Other","T2D_enriched"
"REDCITCYC: TCA cycle VIII (helicobacter)",1.06109347352025e-06,3.74943481818182e-06,1.82102391243171,5.63777443159545e-21,3.06050612000896e-20,"Carbohydrate metabolism","T2D_enriched"
"PWY-6803: phosphatidylcholine acyl editing",4.52050568535826e-06,1.59026782545455e-05,1.8146908422596,1.85983455600127e-32,1.27212683630487e-30,"Other","T2D_enriched"
"GLUCARDEG-PWY: D-glucarate degradation I",3.88138847819315e-06,1.35597603381818e-05,1.80466040911494,5.10208829922905e-29,1.16327613222422e-27,"Other","T2D_enriched"
"PWY-6629: superpathway of L-tryptophan biosynthesis",1.03273683800623e-05,3.60656798727273e-05,1.804143977384,6.42302777732599e-25,5.35774512157436e-24,"Other","T2D_enriched"
"GLYCOLYSIS-TCA-GLYOX-BYPASS: superpathway of glycolysis, pyruvate dehydrogenase, TCA, and glyoxylate bypass",9.61993445482866e-06,3.35748870181818e-05,1.8032728756019,8.46361026711094e-35,1.18035434799273e-32,"Carbohydrate metabolism","T2D_enriched"
"P23-PWY: reductive TCA cycle I",1.00778161993769e-06,3.50869710909091e-06,1.79965033047735,6.88871614668318e-15,2.04864428014404e-14,"Carbohydrate metabolism","T2D_enriched"
"PWY-5918: superpathay of heme biosynthesis from glutamate",4.3621354517134e-06,1.51370943272727e-05,1.79495828049524,3.8498337005329e-27,4.70229687707947e-26,"Amino acid metabolism","T2D_enriched"
"PWY-5747: 2-methylcitrate cycle II",1.58018910124611e-06,5.45590776363636e-06,1.78765718518816,2.80173683848828e-21,1.62405762502202e-20,"Other","T2D_enriched"
"PWY-7446: sulfoglycolysis",6.37963627725857e-07,2.19353817454545e-06,1.78155338091582,9.41075624925656e-14,2.41990874980883e-13,"Carbohydrate metabolism","T2D_enriched"
"PWY-5862: superpathway of demethylmenaquinol-9 biosynthesis",5.00608739875389e-06,1.71957280727273e-05,1.78027438898689,8.40585745099866e-25,6.73067822127781e-24,"Other","T2D_enriched"
"GLYOXYLATE-BYPASS: glyoxylate cycle",5.50235361370717e-06,1.86715656909091e-05,1.76270365227984,3.71898470350419e-37,1.27189276859843e-34,"Carbohydrate metabolism","T2D_enriched"
"P161-PWY: acetylene degradation",5.8136345482866e-06,1.97177746545455e-05,1.76196694975523,3.12348701211186e-28,4.85560253701026e-27,"Other","T2D_enriched"
"PWY-5845: superpathway of menaquinol-9 biosynthesis",6.91690769470405e-06,2.31952562181818e-05,1.74561603583033,8.46254864078789e-25,6.73067822127781e-24,"Other","T2D_enriched"
"GLYCOL-GLYOXDEG-PWY: superpathway of glycol metabolism and degradation",8.87004096573209e-07,2.96697014181818e-06,1.74186372111468,1.09841716814135e-21,6.83015766371532e-21,"Carbohydrate metabolism","T2D_enriched"
"PWY4LZ-257: superpathway of fermentation (Chlamydomonas reinhardtii)",5.60066398753894e-06,1.86472812727273e-05,1.73527750072655,4.75188193442449e-28,7.06584183292685e-27,"Other","T2D_enriched"
"PWY-5723: Rubisco shunt",8.10298241433022e-06,2.68585371636364e-05,1.72884338368338,5.3573338164019e-27,6.10736055069817e-26,"Other","T2D_enriched"
"PWY-5173: superpathway of acetyl-CoA biosynthesis",3.55549417445483e-06,1.16721287090909e-05,1.71491748372562,6.45465189449513e-29,1.37968184244833e-27,"Other","T2D_enriched"
"PWY-561: superpathway of glyoxylate cycle and fatty acid degradation",5.07074757009346e-06,1.65028273636364e-05,1.70242314622889,1.49166802247944e-28,2.685002440463e-27,"Lipid metabolism","T2D_enriched"
"PWY0-1338: polymyxin resistance",8.71410705607477e-07,2.82405753454545e-06,1.69623027434646,1.99333934485898e-14,5.49775851565945e-14,"Other","T2D_enriched"
"PWY-7046: 4-coumarate degradation (anaerobic)",1.54575588785047e-06,5.00486242181818e-06,1.69495340654703,1.31506866019009e-19,6.24657613590295e-19,"Other","T2D_enriched"
"PWY-7385: 1,3-propanediol biosynthesis (engineered)",9.75520342679128e-07,3.15583488363636e-06,1.69367569332705,1.24818505904875e-15,3.98952607658573e-15,"Other","T2D_enriched"
"PWY-5464: superpathway of cytosolic glycolysis (plants), pyruvate dehydrogenase and TCA cycle",2.18365056074766e-06,6.98677112727273e-06,1.67783845642808,1.54924744685878e-16,5.09464064255485e-16,"Carbohydrate metabolism","T2D_enriched"
"PWY-7269: NAD/NADP-NADH/NADPH mitochondrial interconversion (yeast)",1.1093058411215e-06,3.47368310909091e-06,1.64672045349555,2.88951264460449e-13,7.1609661192372e-13,"Other","T2D_enriched"
"PWY-5840: superpathway of menaquinol-7 biosynthesis",6.53397196261682e-06,2.04163457818182e-05,1.64367748599578,1.62254268872124e-19,7.60150136359814e-19,"Other","T2D_enriched"
"P105-PWY: TCA cycle IV (2-oxoglutarate decarboxylase)",5.81117546728972e-06,1.80269852727273e-05,1.63323940371192,1.03912236191326e-28,1.9743324876352e-27,"Carbohydrate metabolism","T2D_enriched"
"P122-PWY: heterolactic fermentation",1.89246609034268e-06,5.84972536363636e-06,1.62804987471083,5.73730436769271e-15,1.73642309181496e-14,"Other","T2D_enriched"
"GALACTARDEG-PWY: D-galactarate degradation I",6.94425630529595e-06,2.11175917636364e-05,1.60453927430558,7.06219973050142e-24,4.92912715883976e-23,"Other","T2D_enriched"
"GLUCARGALACTSUPER-PWY: superpathway of D-glucarate and D-galactarate degradation",6.94425630529595e-06,2.11175917636364e-05,1.60453927430558,7.06219973050142e-24,4.92912715883976e-23,"Other","T2D_enriched"
"PWY-6612: superpathway of tetrahydrofolate biosynthesis",2.92028450155763e-06,8.79164210909091e-06,1.58999073920039,6.4422758729332e-19,2.75407293567894e-18,"Other","T2D_enriched"
"P461-PWY: hexitol fermentation to lactate, formate, ethanol and acetate",1.06491046105919e-05,3.17931602545455e-05,1.57797528635092,2.79536857565072e-28,4.55245739463117e-27,"Short chain fatty acid metabolism","T2D_enriched"
"FOLSYN-PWY: superpathway of tetrahydrofolate biosynthesis and salvage",4.14389878504673e-06,1.23440446181818e-05,1.57473138389323,6.62363275409909e-19,2.79664494061962e-18,"Other","T2D_enriched"
"PWY-5791: 1,4-dihydroxy-2-naphthoate biosynthesis II (plants)",5.08872042056075e-06,1.49492941272727e-05,1.55468382966321,2.2934830214324e-25,2.11992214413482e-24,"Other","T2D_enriched"
"PWY-5837: 1,4-dihydroxy-2-naphthoate biosynthesis I",5.08872042056075e-06,1.49492941272727e-05,1.55468382966321,2.2934830214324e-25,2.11992214413482e-24,"Other","T2D_enriched"
"PWY-821: superpathway of sulfur amino acid biosynthesis (Saccharomyces cerevisiae)",5.42265271028037e-06,1.58277626e-05,1.54536915976741,3.21223307485982e-27,4.0688285614891e-26,"Amino acid metabolism","T2D_enriched"
"PWY-5861: superpathway of demethylmenaquinol-8 biosynthesis",9.32696250778816e-06,2.67925315090909e-05,1.52234159509508,5.44492069436988e-25,4.65540719368625e-24,"Other","T2D_enriched"
"PWY66-398: TCA cycle III (animals)",1.67096802180685e-06,4.74784087272727e-06,1.50653150851165,3.80935379466941e-12,8.9848206743237e-12,"Carbohydrate metabolism","T2D_enriched"
"PWY-5863: superpathway of phylloquinol biosynthesis",5.03071412772586e-06,1.42236360909091e-05,1.49943666875742,9.35784502253351e-25,7.27359772206014e-24,"Other","T2D_enriched"
"PWY-5838: superpathway of menaquinol-8 biosynthesis I",1.25712804984424e-05,3.52056294363636e-05,1.48566714961942,4.82167587500484e-25,4.22823884423501e-24,"Other","T2D_enriched"
"PWY-5897: superpathway of menaquinol-11 biosynthesis",1.18777061370717e-05,3.29884276727273e-05,1.47369599863745,1.72596561151982e-25,1.7358026839789e-24,"Other","T2D_enriched"
"PWY-5898: superpathway of menaquinol-12 biosynthesis",1.18777061370717e-05,3.29884276727273e-05,1.47369599863745,1.72596561151982e-25,1.7358026839789e-24,"Other","T2D_enriched"
"PWY-5899: superpathway of menaquinol-13 biosynthesis",1.18777061370717e-05,3.29884276727273e-05,1.47369599863745,1.72596561151982e-25,1.7358026839789e-24,"Other","T2D_enriched"
"FAO-PWY: fatty acid &beta;-oxidation I",1.34446234423676e-05,3.68963047454545e-05,1.4564401649225,2.41572159591253e-32,1.37696130967014e-30,"Lipid metabolism","T2D_enriched"
"PWY-7254: TCA cycle VII (acetate-producers)",5.84950646417446e-06,1.60087423636364e-05,1.45245751212689,2.78042674703805e-29,7.92421622905844e-28,"Carbohydrate metabolism","T2D_enriched"
"PWY-6837: fatty acid beta-oxidation V (unsaturated, odd number, di-isomerase-dependent)",6.89697356697819e-07,1.88680744e-06,1.45177914946761,1.01746699162602e-12,2.43338259535734e-12,"Lipid metabolism","T2D_enriched"
"PWY-5136: fatty acid &beta;-oxidation II (peroxisome)",1.24499702803738e-05,3.40140004363636e-05,1.44997904866909,8.3845338216195e-32,3.58438820874233e-30,"Lipid metabolism","T2D_enriched"
"PWY-5913: TCA cycle VI (obligate autotrophs)",1.35388070872274e-05,3.6420406e-05,1.42763968250084,1.06437095410684e-29,3.64014866304539e-28,"Carbohydrate metabolism","T2D_enriched"
"PWY0-781: aspartate superpathway",1.22440773676012e-05,3.23596953272727e-05,1.402106634057,1.77640625553396e-25,1.7358026839789e-24,"Other","T2D_enriched"
"PWY-5189: tetrapyrrole biosynthesis II (from glycine)",4.79880615264798e-06,1.26458876727273e-05,1.39790221317478,3.63934706734571e-21,2.04042081480694e-20,"Other","T2D_enriched"
"HEME-BIOSYNTHESIS-II: heme biosynthesis I (aerobic)",5.21331353582554e-06,1.37270691818182e-05,1.39673393711156,5.0939881873542e-21,2.80990961302441e-20,"Other","T2D_enriched"
"P4-PWY: superpathway of L-lysine, L-threonine and L-methionine biosynthesis I",1.26088109034268e-05,3.25943570545455e-05,1.37018297555571,3.05680472157427e-25,2.75112424941685e-24,"Other","T2D_enriched"
"P441-PWY: superpathway of N-acetylneuraminate degradation",1.79187175545171e-05,4.60544948909091e-05,1.36186966345017,1.31030194395323e-32,1.12030816208001e-30,"Other","T2D_enriched"
"PYRIDNUCSAL-PWY: NAD salvage pathway I",1.35604928660436e-05,3.44307163636364e-05,1.34428013383609,1.17638648832272e-22,7.59102224540318e-22,"Other","T2D_enriched"
"PWY-7117: C4 photosynthetic carbon assimilation cycle, PEPCK type",1.59881015732087e-05,3.91831839454545e-05,1.29323064779877,1.31650283207498e-29,4.09312698699677e-28,"Other","T2D_enriched"
"PWY-241: C4 photosynthetic carbon assimilation cycle, NADP-ME type",1.41472027258567e-05,3.43640662363636e-05,1.2803779360741,3.26159006529591e-29,8.14581854869909e-28,"Other","T2D_enriched"
"FERMENTATION-PWY: mixed acid fermentation",1.4559106152648e-05,3.50865253272727e-05,1.2689895002372,2.99430167414693e-27,4.06135346755191e-26,"Other","T2D_enriched"
"PWY-6628: superpathway of L-phenylalanine biosynthesis",1.59359070404984e-05,3.81576241636364e-05,1.25968493753093,6.66032163680126e-27,7.3478387089872e-26,"Other","T2D_enriched"
"PWY-7013: L-1,2-propanediol degradation",3.88372291277259e-06,9.28390256363636e-06,1.25726950008978,7.05471838542546e-12,1.65254362179144e-11,"Other","T2D_enriched"
"PWY66-391: fatty acid &beta;-oxidation VI (peroxisome)",1.87076101246106e-06,4.43465107272727e-06,1.24515074303657,3.15591516994645e-07,5.62147389646712e-07,"Lipid metabolism","T2D_enriched"
"PWY-5138: unsaturated, even numbered fatty acid &beta;-oxidation",4.98426503115265e-06,1.17760928436364e-05,1.24039156841464,1.98171739153095e-15,6.27543840651468e-15,"Lipid metabolism","T2D_enriched"
"PWY-6588: pyruvate fermentation to acetone",3.21735744548287e-06,7.58419856363636e-06,1.2370946912165,3.2953207940309e-13,8.04999793970405e-13,"Carbohydrate metabolism","T2D_enriched"
"PWY-6531: mannitol cycle",6.7737964953271e-06,1.58734079090909e-05,1.22856313880397,1.99320150698714e-16,6.49214205132955e-16,"Other","T2D_enriched"
"P162-PWY: L-glutamate degradation V (via hydroxyglutarate)",4.03272498442368e-06,9.4358388e-06,1.22637526414969,9.10034812810926e-10,1.93311742845551e-09,"Amino acid metabolism","T2D_enriched"
"SO4ASSIM-PWY: sulfate reduction I (assimilatory)",1.62737069314642e-05,3.71121027090909e-05,1.18934185128426,1.59348483994968e-28,2.72485907631396e-27,"Other","T2D_enriched"
"GLUCOSE1PMETAB-PWY: glucose and glucose-1-phosphate degradation",9.9124535046729e-06,2.25787359272727e-05,1.18764245541458,4.78080547698868e-18,1.75810265927971e-17,"Other","T2D_enriched"
"SULFATE-CYS-PWY: superpathway of sulfate assimilation and cysteine biosynthesis",2.25861006542056e-05,5.00533960545455e-05,1.14802923189924,8.38413149364536e-29,1.68668998283924e-27,"Other","T2D_enriched"
"PWY-6630: superpathway of L-tyrosine biosynthesis",9.21114319314642e-06,2.01867082e-05,1.13194503208419,2.49364719713092e-20,1.29216263851329e-19,"Other","T2D_enriched"
"PWY-7115: C4 photosynthetic carbon assimilation cycle, NAD-ME type",9.33525109034268e-06,2.03098934363636e-05,1.12141358693674,3.39037395096044e-21,1.93251315204745e-20,"Other","T2D_enriched"
"PWY-6478: GDP-D-glycero-&alpha;-D-manno-heptose biosynthesis",1.6612318847352e-06,3.60866447272727e-06,1.11916467862877,1.29470887838931e-07,2.3934618184278e-07,"Other","T2D_enriched"
"PWY-5022: 4-aminobutanoate degradation V",1.01026537850467e-05,2.17453820909091e-05,1.10596710025018,1.16684081612691e-19,5.6205571706395e-19,"Amino acid metabolism","T2D_enriched"
"PWY-7288: fatty acid &beta;-oxidation (peroxisome, yeast)",1.60190504517134e-06,3.42080274545455e-06,1.09449839838159,6.54658295290992e-07,1.14816993327959e-06,"Lipid metabolism","T2D_enriched"
"DAPLYSINESYN-PWY: L-lysine biosynthesis I",2.52208489096573e-05,5.34176998909091e-05,1.08269800072626,2.88714655895385e-20,1.45206488700326e-19,"Other","T2D_enriched"
"METHGLYUT-PWY: superpathway of methylglyoxal degradation",5.92075211838006e-06,1.24235306745455e-05,1.06921012154652,1.52584268702335e-17,5.32487958124474e-17,"Carbohydrate metabolism","T2D_enriched"
"P185-PWY: formaldehyde assimilation III (dihydroxyacetone cycle)",3.2898038317757e-06,6.77473738181818e-06,1.04214090479852,4.49804700746274e-09,9.10255666598969e-09,"Other","T2D_enriched"
"HEMESYN2-PWY: heme biosynthesis II (anaerobic)",7.06361561993769e-06,1.44658718363636e-05,1.03416408059711,1.20500293691026e-18,4.79198842352684e-18,"Other","T2D_enriched"
"PWY-5345: superpathway of L-methionine biosynthesis (by sulfhydrylation)",2.65428389563863e-05,5.42972193818182e-05,1.03255285362051,4.11402891687387e-27,4.85171686058918e-26,"Other","T2D_enriched"
"PWY-5083: NAD/NADH phosphorylation and dephosphorylation",1.87971909501558e-05,3.77813512054545e-05,1.0071533605856,2.88563288366139e-19,1.28167070936649e-18,"Other","T2D_enriched"
"SALVADEHYPOX-PWY: adenosine nucleotides degradation II",3.05221969781931e-05,6.03077789636364e-05,0.982482958960167,2.77613642751713e-21,1.62405762502202e-20,"Nucleotide metabolism","T2D_enriched"
"HEXITOLDEGSUPER-PWY: superpathway of hexitol degradation (bacteria)",3.01077409190031e-05,5.92460109090909e-05,0.976581200502454,8.99280893962791e-22,5.69544566176434e-21,"Other","T2D_enriched"
"GLUDEG-I-PWY: GABA shunt",1.38749437819315e-05,2.64002429763636e-05,0.928064348462186,2.68978739790685e-17,9.10799297113013e-17,"Other","T2D_enriched"
"PWY-7328: superpathway of UDP-glucose-derived O-antigen building blocks biosynthesis",8.84265959501558e-06,1.68235246727273e-05,0.927919997130872,1.95828981606125e-13,4.8885774970288e-13,"Other","T2D_enriched"
"PWY-2723: trehalose degradation V",8.0086280529595e-06,1.49795601454545e-05,0.90335985572644,1.22877098908141e-11,2.83945728558e-11,"Other","T2D_enriched"
"PWY-6606: guanosine nucleotides degradation II",1.68055041277259e-05,3.13460052e-05,0.899343791598998,3.42630647178088e-19,1.48328710550514e-18,"Nucleotide metabolism","T2D_enriched"
"PWY-5384: sucrose degradation IV (sucrose phosphorylase)",1.13551855451713e-05,2.10456815636364e-05,0.890167101944285,2.30212380213505e-15,7.2231774342219e-15,"Other","T2D_enriched"
"PWY-7003: glycerol degradation to butanol",1.48175080996885e-06,2.71237563636364e-06,0.872209972177598,0.00225407638719585,0.00315940214926631,"Other","T2D_enriched"
"GLYCOCAT-PWY: glycogen degradation I (bacterial)",1.42931060124611e-05,2.59832472e-05,0.862257738224754,2.29049738246294e-11,5.2223340320155e-11,"Other","T2D_enriched"
"PWY-6549: L-glutamine biosynthesis III",1.34364064330218e-05,2.42930231090909e-05,0.854389895814337,4.119581359516e-18,1.54823826918074e-17,"Other","T2D_enriched"
"PWY-1861: formaldehyde assimilation II (RuMP Cycle)",6.9422891588785e-06,1.24934990509091e-05,0.847684992776233,2.24400192963032e-06,3.78053527060871e-06,"Other","T2D_enriched"
"PWY66-389: phytol degradation",5.83282885825545e-06,1.04774889985455e-05,0.845014392598732,5.03506123256499e-16,1.62451975616719e-15,"Other","T2D_enriched"
"PWY-7209: superpathway of pyrimidine ribonucleosides degradation",1.20194353582555e-06,2.13992161818182e-06,0.832136221812218,6.95361268505113e-05,0.000108590663848744,"Nucleotide metabolism","T2D_enriched"
"PWY-6731: starch degradation III",8.63592288161994e-06,1.53280421636364e-05,0.827743875807401,7.96837988160855e-11,1.78116726765367e-10,"Other","T2D_enriched"
"P221-PWY: octane oxidation",1.53034850778816e-06,2.71572053636364e-06,0.827433642316683,2.27352829466964e-10,5.01643017275494e-10,"Other","T2D_enriched"
"GOLPDLCAT-PWY: superpathway of glycerol degradation to 1,3-propanediol",3.06520862928349e-06,5.43366452727273e-06,0.825919709221119,2.98231721906694e-08,5.76244344023103e-08,"Other","T2D_enriched"
"PWY-5676: acetyl-CoA fermentation to butanoate II",1.21719673364486e-05,2.15603849454545e-05,0.824815407978435,1.27050876423294e-13,3.24264177140048e-13,"Other","T2D_enriched"
"PWY-6353: purine nucleotides degradation II (aerobic)",3.33239643613707e-05,5.86927031454545e-05,0.816619242931833,2.95286664985288e-19,1.29471845416626e-18,"Nucleotide metabolism","T2D_enriched"
"PWY0-1297: superpathway of purine deoxyribonucleosides degradation",2.08368348286604e-05,3.62715205636364e-05,0.799698135527229,3.18672423915742e-13,7.84071719274703e-13,"Nucleotide metabolism","T2D_enriched"
"ARGORNPROST-PWY: arginine, ornithine and proline interconversion",2.91973263239875e-06,5.0549664e-06,0.791844367723406,0.000284717635314233,0.000436652158194923,"Other","T2D_enriched"
"PWY0-1298: superpathway of pyrimidine deoxyribonucleosides degradation",1.82853858722741e-05,3.16439259818182e-05,0.791234199864545,3.13924811754553e-14,8.258637355389e-14,"Nucleotide metabolism","T2D_enriched"
"HOMOSER-METSYN-PWY: L-methionine biosynthesis I",2.11543517601246e-05,3.65151291818182e-05,0.787536988219892,8.16466494361347e-18,2.93927937970085e-17,"Other","T2D_enriched"
"PWY-6572: chondroitin sulfate degradation I (bacterial)",5.32588e-06,9.10564092727273e-06,0.773729402003127,2.23773287218695e-07,4.070769373872e-07,"Other","T2D_enriched"
"PWY-6318: L-phenylalanine degradation IV (mammalian, via side chain)",1.78016085669782e-06,3.01738609090909e-06,0.761258470104732,6.56662557253134e-05,0.000103017703936042,"Other","T2D_enriched"
"P164-PWY: purine nucleobases degradation I (anaerobic)",1.43484936292835e-05,2.43199702e-05,0.761238054385294,8.3712565504213e-08,1.57306029683741e-07,"Nucleotide metabolism","T2D_enriched"
"PWY-6608: guanosine nucleotides degradation III",4.73987810280374e-05,8.01745048181818e-05,0.75829233660441,1.24722517532443e-18,4.90288517196502e-18,"Nucleotide metabolism","T2D_enriched"
"FUCCAT-PWY: fucose degradation",1.69795911370717e-05,2.86045296909091e-05,0.752438451380323,1.12416723400765e-11,2.61540948320147e-11,"Other","T2D_enriched"
"METSYN-PWY: L-homoserine and L-methionine biosynthesis",3.64394944080997e-05,6.07686091818182e-05,0.737821745937347,7.62272436338561e-18,2.77337418327434e-17,"Other","T2D_enriched"
"PWY-5347: superpathway of L-methionine biosynthesis (transsulfuration)",3.99238784267913e-05,6.64914221090909e-05,0.735914911424627,4.74019232144996e-18,1.75810265927971e-17,"Other","T2D_enriched"
"MET-SAM-PWY: superpathway of S-adenosyl-L-methionine biosynthesis",3.81680643146417e-05,6.27364358727273e-05,0.716936067720747,9.15361742109256e-18,3.26097620626422e-17,"Other","T2D_enriched"
"FUC-RHAMCAT-PWY: superpathway of fucose and rhamnose degradation",2.46655420560748e-05,4.02281610181818e-05,0.705706532962031,1.82752360513909e-13,4.59568435998212e-13,"Other","T2D_enriched"
"PWY-6595: superpathway of guanosine nucleotides degradation (plants)",2.81019216510903e-06,4.53484149090909e-06,0.690363812970062,0.0217413160333056,0.0270382912123291,"Nucleotide metabolism","T2D_enriched"
"FASYN-INITIAL-PWY: superpathway of fatty acid biosynthesis initiation (E. coli)",5.12946058878505e-05,8.27007531090909e-05,0.689092278374369,1.06413892493933e-14,3.0327959360771e-14,"Lipid metabolism","T2D_enriched"
"POLYAMSYN-PWY: superpathway of polyamine biosynthesis I",3.01041129127726e-05,4.80388426181818e-05,0.674238998282996,2.62138144868206e-20,1.33807829171532e-19,"Other","T2D_enriched"
"ARG+POLYAMINE-SYN: superpathway of arginine and polyamine biosynthesis",4.38504405919003e-05,6.97705412181818e-05,0.670025464203661,1.14406122557599e-22,7.52440267590362e-22,"Other","T2D_enriched"
"PWY-7388: octanoyl-[acyl-carrier protein] biosynthesis (mitochondria, yeast)",5.08657272429907e-05,8.07529052545455e-05,0.666819203097255,1.7359261965739e-14,4.90650214238242e-14,"Other","T2D_enriched"
"PPGPPMET-PWY: ppGpp biosynthesis",7.23455627725857e-06,1.14783167909091e-05,0.665927285717291,4.64570566432389e-08,8.87615272178084e-08,"Other","T2D_enriched"
"PWY-6282: palmitoleate biosynthesis I (from (5Z)-dodec-5-enoate)",5.36241554361371e-05,8.46613514181818e-05,0.658819510959112,8.11556699536561e-15,2.37224266018379e-14,"Other","T2D_enriched"
"PWY-5989: stearate biosynthesis II (bacteria and plants)",5.25362253894081e-05,8.21546896363636e-05,0.645029391093145,7.40911239656841e-15,2.18441072381586e-14,"Other","T2D_enriched"
"PWY0-862: (5Z)-dodec-5-enoate biosynthesis",5.42087274766355e-05,8.46990067636364e-05,0.643818952854231,1.82876596424442e-14,5.1265406538655e-14,"Other","T2D_enriched"
"POLYAMINSYN3-PWY: superpathway of polyamine biosynthesis II",1.15470528816199e-05,1.79536166e-05,0.636745349299596,1.53301888561327e-11,3.51874133476333e-11,"Other","T2D_enriched"
"PWYG-321: mycolate biosynthesis",5.99838750778816e-05,9.31423623272727e-05,0.634861890623587,4.73367080452262e-14,1.22645107208086e-13,"Other","T2D_enriched"
"PWY-7664: oleate biosynthesis IV (anaerobic)",5.92847281308411e-05,9.19508378363636e-05,0.633201344319679,8.60059281479174e-15,2.49271418869388e-14,"Other","T2D_enriched"
"PWY-4041: &gamma;-glutamyl cycle",2.88596131152648e-05,4.44789102072727e-05,0.624067725530751,6.48992389071865e-11,1.4602328754117e-10,"Other","T2D_enriched"
"LACTOSECAT-PWY: lactose and galactose degradation I",4.56421264797508e-06,6.96867296363636e-06,0.610507036655356,5.32758855441927e-08,1.00664932906707e-07,"Other","T2D_enriched"
"FASYN-ELONG-PWY: fatty acid elongation -- saturated",6.61592545794393e-05,0.000100959004854545,0.609753958540873,5.20878145787276e-15,1.60486780053377e-14,"Lipid metabolism","T2D_enriched"
"PWY-6519: 8-amino-7-oxononanoate biosynthesis I",5.72068966043614e-05,8.68501899636364e-05,0.602339061456478,1.924047183296e-14,5.34978972916449e-14,"Amino acid metabolism","T2D_enriched"
"PWY-6969: TCA cycle V (2-oxoglutarate:ferredoxin oxidoreductase)",2.28511636292835e-05,3.45595266363636e-05,0.596813685837191,6.91172346395617e-10,1.48667259413397e-09,"Carbohydrate metabolism","T2D_enriched"
"TCA: TCA cycle I (prokaryotic)",4.25851230062305e-05,6.43376984545455e-05,0.595313665148081,5.63713741348807e-15,1.72134017447582e-14,"Carbohydrate metabolism","T2D_enriched"
"PWY-6143: CMP-pseudaminate biosynthesis",3.6999730529595e-06,5.55217925454545e-06,0.585526375685853,0.0242063366460746,0.029886523945695,"Other","T2D_enriched"
"PWY-7371: 1,4-dihydroxy-6-naphthoate biosynthesis II",6.4585904517134e-06,9.62495634545455e-06,0.575553309061887,1.30075605081511e-06,2.22429284689383e-06,"Other","T2D_enriched"
"BIOTIN-BIOSYNTHESIS-PWY: biotin biosynthesis I",6.29524623676012e-05,9.31001997090909e-05,0.564520710752462,2.30014050637765e-14,6.29318442544924e-14,"Other","T2D_enriched"
"PWY-7315: dTDP-N-acetylthomosamine biosynthesis",1.18889265186916e-05,1.74457650818182e-05,0.553254546603544,2.90960551948544e-06,4.87786807678442e-06,"Other","T2D_enriched"
"PWY-6891: thiazole biosynthesis II (Bacillus)",2.50813198598131e-05,3.66678624545455e-05,0.54790107992658,5.28073330048803e-08,1.00333932709273e-07,"Other","T2D_enriched"
"NAD-BIOSYNTHESIS-II: NAD salvage pathway II",2.42193532554517e-05,3.51020664727273e-05,0.535393777928203,6.10590568039391e-09,1.2283645545263e-08,"Other","T2D_enriched"
"PWY0-1479: tRNA processing",3.41227438785047e-05,4.87026347636364e-05,0.513264895738006,3.52312340818953e-09,7.21501919521448e-09,"Other","T2D_enriched"
"P42-PWY: incomplete reductive TCA cycle",1.57050815264798e-05,2.23132228545455e-05,0.506664754478733,1.82070399881019e-06,3.08257805739151e-06,"Carbohydrate metabolism","T2D_enriched"
"PWY0-1241: ADP-L-glycero-&beta;-D-manno-heptose biosynthesis",3.44677313707165e-05,4.88763316727273e-05,0.503888431182209,4.56896324706998e-15,1.42053220954357e-14,"Other","T2D_enriched"
"PWY-6263: superpathway of menaquinol-8 biosynthesis II",7.62767253894081e-06,1.05924916909091e-05,0.473721888847837,0.00126071718523177,0.00181926277362559,"Other","T2D_enriched"
"PRPP-PWY: superpathway of histidine, purine, and pyrimidine biosynthesis",5.3867446728972e-05,7.42404498181818e-05,0.462791032449631,9.94714022625717e-09,1.96642887709824e-08,"Nucleotide metabolism","T2D_enriched"
"PWY-6901: superpathway of glucose and xylose degradation",7.00180009345794e-05,9.60530930909091e-05,0.45610564130672,2.11182891629506e-18,8.11511785812259e-18,"Other","T2D_enriched"
"GLYCOLYSIS-E-D: superpathway of glycolysis and Entner-Doudoroff",5.98605728971963e-05,8.17763143636364e-05,0.450076310306555,1.89593008948569e-17,6.48408090604105e-17,"Carbohydrate metabolism","T2D_enriched"
"PWY-6895: superpathway of thiamin diphosphate biosynthesis II",6.02480054517134e-05,8.21790329090909e-05,0.447856232984906,2.81634168312658e-08,5.47266395243916e-08,"Other","T2D_enriched"
"PWY66-409: superpathway of purine nucleotide salvage",3.18155235981308e-05,4.33442596363636e-05,0.446108869786762,6.02499951385099e-05,9.4956213536269e-05,"Nucleotide metabolism","T2D_enriched"
"P124-PWY: Bifidobacterium shunt",4.47486618380062e-06,6.09613749090909e-06,0.446042326613112,0.0362416367677289,0.0442665706234402,"Other","T2D_enriched"
"PWY66-400: glycolysis VI (metazoan)",9.60368220093458e-05,0.000128869947272727,0.424255912138311,9.81666780467322e-15,2.82126083125903e-14,"Carbohydrate metabolism","T2D_enriched"
"PWY-5690: TCA cycle II (plants and fungi)",2.83996741277259e-05,3.76201678545455e-05,0.405630665247501,3.98315973215253e-09,8.1085751690248e-09,"Carbohydrate metabolism","T2D_enriched"
"PWY-7316: dTDP-N-acetylviosamine biosynthesis",6.1804796105919e-06,8.1535644e-06,0.399706438131661,0.0123766075366668,0.015853182687416,"Other","T2D_enriched"
"NAGLIPASYN-PWY: lipid IVA biosynthesis",7.6132027258567e-05,0.000100291263909091,0.397620085623327,3.39705586636785e-11,7.69399408144242e-11,"Lipid metabolism","T2D_enriched"
"PYRIDOXSYN-PWY: pyridoxal 5'-phosphate biosynthesis I",0.000108229715872274,0.000138070208472727,0.35130510934615,1.64892377475597e-09,3.45970509795425e-09,"Other","T2D_enriched"
"GLUCONEO-PWY: gluconeogenesis I",0.000111124470560748,0.000141718974363636,0.35085610386274,4.5893805924908e-17,1.52385258507947e-16,"Other","T2D_enriched"
"PWY0-845: superpathway of pyridoxal 5'-phosphate biosynthesis and salvage",0.000110688620077882,0.000140717013854545,0.346289588846374,7.35814835176539e-10,1.57280421018985e-09,"Other","T2D_enriched"
"PENTOSE-P-PWY: pentose phosphate pathway",0.000101204939859813,0.000128612885218182,0.34575517369283,1.09400159704328e-12,2.5982537929778e-12,"Other","T2D_enriched"
"GLCMANNANAUT-PWY: superpathway of N-acetylglucosamine, N-acetylmannosamine and N-acetylneuraminate degradation",5.07333417912773e-05,6.43242090181818e-05,0.342427017181671,4.57837873604793e-10,9.91016156790122e-10,"Other","T2D_enriched"
"PWY0-1061: superpathway of L-alanine biosynthesis",3.1305406728972e-05,3.88051730909091e-05,0.309836254000063,0.000109984511375284,0.000169435598605168,"Other","T2D_enriched"
"POLYISOPRENSYN-PWY: polyisoprenoid biosynthesis (E. coli)",5.2457991635514e-05,6.47878876727273e-05,0.304561023131559,6.24012767448375e-07,1.10006374467703e-06,"Other","T2D_enriched"
"PWY-6859: all-trans-farnesol biosynthesis",3.89823704049844e-05,4.81366909636364e-05,0.304314447583016,9.40139234548274e-06,1.51663970856373e-05,"Other","T2D_enriched"
"PWY-5177: glutaryl-CoA degradation",5.62671346417445e-05,6.88460977090909e-05,0.291081917088391,7.89978053467249e-06,1.28653568707523e-05,"Other","T2D_enriched"
"PWY-2941: L-lysine biosynthesis II",7.30514808722741e-05,8.92911744909091e-05,0.289603708628804,3.37778372358209e-06,5.63513187056134e-06,"Other","T2D_enriched"
"PWY-5941: glycogen degradation II (eukaryotic)",3.99653457165109e-05,4.88454833090909e-05,0.289474938392406,0.000935782633120272,0.00135609178189463,"Other","T2D_enriched"
"PWY-7198: pyrimidine deoxyribonucleotides de novo biosynthesis IV",4.15369881619938e-05,5.06130606545455e-05,0.285112485806259,0.00171222024325912,0.00243991384664425,"Nucleotide metabolism","T2D_enriched"
"COLANSYN-PWY: colanic acid building blocks biosynthesis",7.05134566043614e-05,8.44713270909091e-05,0.260562774713766,2.27274116527115e-09,4.73949682026058e-09,"Other","T2D_enriched"
"P108-PWY: pyruvate fermentation to propanoate I",2.30442914174455e-05,2.7594754e-05,0.259983584636311,8.75520181904609e-05,0.000135487738557184,"Carbohydrate metabolism","T2D_enriched"
"PWY-5484: glycolysis II (from fructose 6-phosphate)",0.000164947270249221,0.000197414947636364,0.259226183791116,3.88359062769325e-14,1.01388396539778e-13,"Carbohydrate metabolism","T2D_enriched"
"GLYCOLYSIS: glycolysis I (from glucose 6-phosphate)",0.000176528703738318,0.000210489052545455,0.253842283190779,6.25998918714321e-15,1.87799675614296e-14,"Carbohydrate metabolism","T2D_enriched"
"PWY-1269: CMP-3-deoxy-D-manno-octulosonate biosynthesis I",0.00014351346911215,0.000171017026181818,0.252953659068391,1.91724157381807e-10,4.25777024834922e-10,"Other","T2D_enriched"
"PWY0-1261: anhydromuropeptides recycling",0.000113344294859813,0.000134469732,0.246569495477196,3.52688415345927e-10,7.68276675466923e-10,"Amino acid metabolism","T2D_enriched"
"PWY-7282: 4-amino-2-methyl-5-phosphomethylpyrimidine biosynthesis (yeast)",0.000129510641277259,0.000153509841636364,0.245260334504281,6.47200713393759e-09,1.29440142678752e-08,"Amino acid metabolism","T2D_enriched"
"PWY0-1586: peptidoglycan maturation (meso-diaminopimelate containing)",0.000307735542523365,0.000364246040545455,0.243222136947077,9.38519680185863e-13,2.26037838467299e-12,"Amino acid metabolism","T2D_enriched"
"PWY-6892: thiazole biosynthesis I (E. coli)",0.000134455557943925,0.0001575816484,0.228969981488627,1.14656137701351e-08,2.24070851964927e-08,"Other","T2D_enriched"
"TEICHOICACID-PWY: teichoic acid (poly-glycerol) biosynthesis",3.24714836292835e-05,3.77076884909091e-05,0.215684794773693,0.000547733560216275,0.000814455989538983,"Other","T2D_enriched"
"UDPNAGSYN-PWY: UDP-N-acetyl-D-glucosamine biosynthesis I",0.000110981605919003,0.000128547695818182,0.211982988610265,6.8470980764306e-07,1.18868403154277e-06,"Other","T2D_enriched"
"NONOXIPENT-PWY: pentose phosphate pathway (non-oxidative branch)",0.000167911099065421,0.000194476348727273,0.211896998134752,3.05029696239829e-08,5.86068292775401e-08,"Other","T2D_enriched"
"PWY-5188: tetrapyrrole biosynthesis I (from glutamate)",7.24577849688474e-05,8.38144421454545e-05,0.210057884354737,8.2089017705583e-06,1.33054237228954e-05,"Amino acid metabolism","T2D_enriched"
"RHAMCAT-PWY: L-rhamnose degradation I",0.000117936487227414,0.000136051436327273,0.206141895843668,1.33732572011271e-09,2.82324318690462e-09,"Other","T2D_enriched"
"PWY-5104: L-isoleucine biosynthesis IV",6.92337640342679e-05,7.95535936363636e-05,0.200451046551581,0.000473636418817173,0.000713584384297239,"Other","T2D_enriched"
"PWY4FS-7: phosphatidylglycerol biosynthesis I (plastidic)",0.000130962991277259,0.000150360842727273,0.199269584906242,1.16025668044758e-07,2.15855843413526e-07,"Other","T2D_enriched"
"PWY4FS-8: phosphatidylglycerol biosynthesis II (non-plastidic)",0.000130962991277259,0.000150360151818182,0.199262955701935,1.16132968386225e-07,2.15855843413526e-07,"Other","T2D_enriched"
"SER-GLYSYN-PWY: superpathway of L-serine and glycine biosynthesis I",0.000207473627570093,0.000235884770727273,0.185154230095004,2.42993188180496e-10,5.32715835626472e-10,"Other","T2D_enriched"
"PWY66-399: gluconeogenesis III",4.58302216978193e-05,5.21052867272727e-05,0.185130115541736,0.00409025420706661,0.00548575270124228,"Other","T2D_enriched"
"PWY-6749: CMP-legionaminate biosynthesis I",7.43932803738318e-06,8.40180769090909e-06,0.175525228037263,0.0110521349062347,0.0142098877365875,"Other","T2D_enriched"
"PHOSLIPSYN-PWY: superpathway of phospholipid biosynthesis I (bacteria)",0.000169918673520249,0.000191485575818182,0.172391216793822,1.47130041676786e-07,2.7052943147022e-07,"Lipid metabolism","T2D_enriched"
"PWY-6936: seleno-amino acid biosynthesis",0.00017760986635514,0.000200098869636364,0.172001199497708,6.67821934434779e-07,1.16528113049334e-06,"Amino acid metabolism","T2D_enriched"
"ASPASN-PWY: superpathway of L-aspartate and L-asparagine biosynthesis",0.00023520099517134,0.000263092936727273,0.161678287419675,7.00311626870948e-09,1.39248009528991e-08,"Other","T2D_enriched"
"PWY-7228: superpathway of guanosine nucleotides de novo biosynthesis I",0.000237495179127726,0.000265561867272727,0.161149708246787,1.89363563504195e-07,3.46322666943501e-07,"Nucleotide metabolism","T2D_enriched"
"GALACTUROCAT-PWY: D-galacturonate degradation I",4.24769139252336e-05,4.73366489818182e-05,0.156278277044956,0.00324184215385867,0.00441717138095484,"Other","T2D_enriched"
"OANTIGEN-PWY: O-antigen building blocks biosynthesis (E. coli)",0.000160641431308411,0.000178723037636364,0.153881491997444,7.28987979232361e-06,1.19288942056205e-05,"Other","T2D_enriched"
"PWY-6507: 4-deoxy-L-threo-hex-4-enopyranuronate degradation",3.81243356853583e-05,4.23748990727273e-05,0.152497353607027,0.0157943754441549,0.0201555089623171,"Other","T2D_enriched"
"ANAEROFRUCAT-PWY: homolactic fermentation",0.000192661118691589,0.000214088694545455,0.152143089932517,2.61656860300724e-09,5.423433104415e-09,"Other","T2D_enriched"
"PWY-6125: superpathway of guanosine nucleotides de novo biosynthesis II",0.000226351712616822,0.000251491778727273,0.151944953038652,3.04524624848799e-07,5.45274459153347e-07,"Nucleotide metabolism","T2D_enriched"
"PWY0-162: superpathway of pyrimidine ribonucleotides de novo biosynthesis",0.00013462987834891,0.000149182997272727,0.148084391024059,0.00032618504976331,0.000495801275640232,"Nucleotide metabolism","T2D_enriched"
"GALACT-GLUCUROCAT-PWY: superpathway of hexuronide and hexuronate degradation",4.91690370716511e-05,5.44667463454545e-05,0.1476253011247,0.00457562554978587,0.00611274975791706,"Other","T2D_enriched"
"PWY-6305: putrescine biosynthesis IV",9.15492263395639e-05,0.000101289699090909,0.14586771225999,0.000644907802179393,0.000954798564265594,"Other","T2D_enriched"
"PWY-7323: superpathway of GDP-mannose-derived O-antigen building blocks biosynthesis",7.27117748909657e-05,8.04231729818182e-05,0.145422054462005,0.00184214477353821,0.00261416395248991,"Other","T2D_enriched"
"PWY-7234: inosine-5'-phosphate biosynthesis III",7.08106348909657e-05,7.8276981e-05,0.144621868870021,0.0190600694016803,0.023877449580127,"Other","T2D_enriched"
"HISDEG-PWY: L-histidine degradation I",0.000162101883457944,0.000178763432363636,0.141150714166021,0.000513553793797361,0.000766966801217019,"Other","T2D_enriched"
"PWY-7663: gondoate biosynthesis (anaerobic)",0.000255608239563863,0.000281690359636364,0.140175796072632,1.05389711158652e-08,2.07145294346315e-08,"Other","T2D_enriched"
"PWY-621: sucrose degradation III (sucrose invertase)",5.96455640498442e-05,6.56454620363636e-05,0.138280216309264,0.00373437828556947,0.00506808481612999,"Other","T2D_enriched"
"PWY-7184: pyrimidine deoxyribonucleotides de novo biosynthesis I",0.000151523953426791,0.000166734150181818,0.1380036599639,1.03420312249782e-05,1.66055149246129e-05,"Nucleotide metabolism","T2D_enriched"
"THISYN-PWY: superpathway of thiamin diphosphate biosynthesis I",0.000206333286137072,0.000225637987090909,0.129033333337062,3.59178452681905e-07,6.36471662265345e-07,"Other","T2D_enriched"
"PWY-4981: L-proline biosynthesis II (from arginine)",8.91692232554517e-05,9.71433769818182e-05,0.123569656558741,0.00282185896553957,0.00389143454118764,"Other","T2D_enriched"
"PWY-5659: GDP-mannose biosynthesis",0.000110103165732087,0.000119401662418182,0.116966870741803,0.000292580996221317,0.00044670848530219,"Other","T2D_enriched"
"PWY-5973: cis-vaccenate biosynthesis",0.00028075534517134,0.000304354181818182,0.116437659007157,7.37689531357874e-07,1.27419100870906e-06,"Other","T2D_enriched"
"PWY-7208: superpathway of pyrimidine nucleobases salvage",0.000174370001557632,0.000188996094909091,0.116204499714592,8.12789660416987e-05,0.000126351847210277,"Nucleotide metabolism","T2D_enriched"
"PWY-7220: adenosine deoxyribonucleotides de novo biosynthesis II",0.000225849726479751,0.000244573301272727,0.114903705875864,3.77333154164269e-05,5.97444160760092e-05,"Nucleotide metabolism","T2D_enriched"
"PWY-7222: guanosine deoxyribonucleotides de novo biosynthesis II",0.000225849726479751,0.000244573301272727,0.114903705875864,3.77333154164269e-05,5.97444160760092e-05,"Nucleotide metabolism","T2D_enriched"
"PWY-5505: L-glutamate and L-glutamine biosynthesis",4.24658518847352e-05,4.57745736727273e-05,0.10824301240745,0.0179004215024497,0.0225071476244037,"Amino acid metabolism","T2D_enriched"
"PWY-841: superpathway of purine nucleotides de novo biosynthesis I",0.000249155273831776,0.000268026185454545,0.105328802666782,6.06605437591289e-06,9.97399325270293e-06,"Nucleotide metabolism","T2D_enriched"
"THRESYN-PWY: superpathway of L-threonine biosynthesis",0.000256863057632399,0.000276305015818182,0.105262297443427,2.81430102801597e-07,5.06574185042875e-07,"Other","T2D_enriched"
"PWY-3001: superpathway of L-isoleucine biosynthesis I",0.000281848477725857,0.000302873741818182,0.103796695538906,2.9040958011041e-09,5.98313713239519e-09,"Other","T2D_enriched"
"PWY-5030: L-histidine degradation III",0.000133916992554517,0.000143825642109091,0.102981802933356,0.0269099869161638,0.0329864355746524,"Other","T2D_enriched"
"DENOVOPURINE2-PWY: superpathway of purine nucleotides de novo biosynthesis II",0.0002351937,0.000252140787272727,0.100380055757356,4.1078652543764e-06,6.78690781157839e-06,"Nucleotide metabolism","T2D_enriched"
"TRPSYN-PWY: L-tryptophan biosynthesis",0.000177995586292835,0.000190720251272727,0.0996165200517428,0.00187014463048246,0.0026429316678719,"Other","T2D_enriched"
"PWY-7197: pyrimidine deoxyribonucleotide phosphorylation",0.000102478251713396,0.000109678519454545,0.0979631405469738,0.00256328825728691,0.00356359586988668,"Nucleotide metabolism","T2D_enriched"
"ARGININE-SYN4-PWY: L-ornithine de novo  biosynthesis",0.000163051687943925,0.000174502244836364,0.0979161614166667,0.0228205289044375,0.0282776119033247,"Other","T2D_enriched"
"PWY0-1296: purine ribonucleosides degradation",0.000242541684735202,0.000226706283090909,-0.0974083022229619,0.00201619306568173,0.00283760505540392,"Nucleotide metabolism","Control_enriched"
"PWY-6147: 6-hydroxymethyl-dihydropterin diphosphate biosynthesis I",0.00023599938847352,0.000252436461636364,0.097137145551718,0.00035008817856908,0.000529779456064715,"Other","T2D_enriched"
"COBALSYN-PWY: adenosylcobalamin salvage from cobinamide I",0.000106475561183801,0.000113623389636364,0.0937374285808567,0.00406657306808581,0.00547546452474547,"Other","T2D_enriched"
"PWY-7539: 6-hydroxymethyl-dihydropterin diphosphate biosynthesis III (Chlamydia)",0.000233557899844237,0.000248785807636364,0.0911239057125475,0.00075596791171295,0.00110017457789714,"Other","T2D_enriched"
"PWY-5103: L-isoleucine biosynthesis III",0.000346834112149533,0.000368145923636364,0.0860319041965905,3.39658877826452e-06,5.63899690372071e-06,"Other","T2D_enriched"
"PWY0-166: superpathway of pyrimidine deoxyribonucleotides de novo biosynthesis (E. coli)",0.000174682597352025,0.000185301423272727,0.0851380274119178,0.00170173385435073,0.00243511706354791,"Nucleotide metabolism","T2D_enriched"
"BRANCHED-CHAIN-AA-SYN-PWY: superpathway of branched amino acid biosynthesis",0.000368877161993769,0.000391221578181818,0.0848454519673886,1.13384098588077e-06,1.94861114156394e-06,"Amino acid metabolism","T2D_enriched"
"CALVIN-PWY: Calvin-Benson-Bassham cycle",0.000297033228816199,0.000314572548181818,0.0827684164917218,2.38589729798931e-05,3.81297605566516e-05,"Other","T2D_enriched"
"PWY-6126: superpathway of adenosine nucleotides de novo biosynthesis II",0.000290373131775701,0.000306698521454545,0.0789132182235942,1.62568668712869e-06,2.76609376615926e-06,"Nucleotide metabolism","T2D_enriched"
"GLYCOGENSYNTH-PWY: glycogen biosynthesis I (from ADP-D-Glucose)",0.000160626163084112,0.000169585627454545,0.0783069570246736,0.00319834337181155,0.0043753337326382,"Other","T2D_enriched"
"PWY-7187: pyrimidine deoxyribonucleotides de novo biosynthesis II",0.000163609843613707,0.000172377455818182,0.0753115098678226,0.0031018855845873,0.00426042116437292,"Nucleotide metabolism","T2D_enriched"
"PWY-7229: superpathway of adenosine nucleotides de novo biosynthesis I",0.000324402183956386,0.000341667058181818,0.074807602434266,2.72845272098502e-07,4.93720016178242e-07,"Nucleotide metabolism","T2D_enriched"
"CITRULBIO-PWY: L-citrulline biosynthesis",0.000139599116137072,0.000146995850472727,0.0744855707332652,0.0397734632955144,0.0484075603098432,"Other","T2D_enriched"
"THISYNARA-PWY: superpathway of thiamin diphosphate biosynthesis III (eukaryotes)",0.000207422597040498,0.000218235606,0.0733133949390868,0.00401440268947029,0.00542658387272268,"Other","T2D_enriched"
"ARGSYNBSUB-PWY: L-arginine biosynthesis II (acetyl cycle)",0.000253791203894081,0.000243047717454545,-0.062402457456905,0.0169020412443842,0.0214888405411873,"Other","Control_enriched"
"ANAGLYCOLYSIS-PWY: glycolysis III (from glucose)",0.000298377292834891,0.000311255183272727,0.0609600947789009,0.00765161405510642,0.0100648154109477,"Carbohydrate metabolism","T2D_enriched"
"PYRIDNUCSYN-PWY: NAD biosynthesis I (from aspartate)",0.000274586774766355,0.000286288484545455,0.0602074791352595,0.00686263686869023,0.00909698375617077,"Other","T2D_enriched"
"ILEUSYN-PWY: L-isoleucine biosynthesis I (from threonine)",0.000468467479750779,0.000487525989090909,0.0575302144036593,0.000683295091534587,0.00100727121252081,"Other","T2D_enriched"
"VALSYN-PWY: L-valine biosynthesis",0.000468963352024922,0.000487525989090909,0.0560039313741973,0.000694546439039476,0.00101946301352575,"Other","T2D_enriched"
"PWY-7111: pyruvate fermentation to isobutanol (engineered)",0.000467839984423676,0.000486085609090909,0.0551952428044163,0.000697976732667702,0.00102011984005279,"Carbohydrate metabolism","T2D_enriched"
"PANTO-PWY: phosphopantothenate biosynthesis I",0.000307620271962617,0.000318775371272727,0.051389574925297,0.0026524482275029,0.00367262062269632,"Other","T2D_enriched"
"PWY-724: superpathway of L-lysine, L-threonine and L-methionine biosynthesis II",0.000279926570716511,0.000289485346909091,0.0484418726286454,0.0012883823514905,0.0018513729588645,"Other","T2D_enriched"
"PWY-6609: adenine and adenosine salvage III",0.000477121631775701,0.000461762254545455,-0.047206837871223,0.00246314386644224,0.00343834776458468,"Other","Control_enriched"
"PWY-6163: chorismate biosynthesis from 3-dehydroquinate",0.000371106828660436,0.0003834263,0.0471147373206106,0.0106060654310641,0.0136878278393355,"Other","T2D_enriched"
"COMPLETE-ARO-PWY: superpathway of aromatic amino acid biosynthesis",0.000323680140809969,0.00033421252,0.0461969128218082,0.00641456722041547,0.00853611669020269,"Amino acid metabolism","T2D_enriched"
"PWY-2942: L-lysine biosynthesis III",0.000365907326791277,0.000376686721818182,0.0418868640434012,0.00859757044402787,0.0111377617115816,"Other","T2D_enriched"
"PWY-5695: urate biosynthesis/inosine 5'-phosphate degradation",0.000421726574299065,0.000434020072727273,0.041453823669045,0.0173140503414415,0.0219311304324926,"Other","T2D_enriched"
"TRNA-CHARGING-PWY: tRNA charging",0.000455785878504673,0.000443083656363636,-0.0407771051915432,0.000483257917092867,0.000724886875639301,"Other","Control_enriched"
"PWY-6122: 5-aminoimidazole ribonucleotide biosynthesis II",0.000408237947040498,0.000419875766363636,0.0405522221116557,0.00781853298669411,0.0102058713032419,"Amino acid metabolism","T2D_enriched"
"PWY-6277: superpathway of 5-aminoimidazole ribonucleotide biosynthesis",0.000408237947040498,0.000419875766363636,0.0405522221116557,0.00781853298669411,0.0102058713032419,"Amino acid metabolism","T2D_enriched"
"PWY-6121: 5-aminoimidazole ribonucleotide biosynthesis I",0.000358192607788162,0.000368161034545455,0.0396013678343299,0.00840544231758236,0.0109302709985292,"Amino acid metabolism","T2D_enriched"
"ARO-PWY: chorismate biosynthesis I",0.000328755035514019,0.000337697476363636,0.0387183941899599,0.0267493452648001,0.0329074679156893,"Other","T2D_enriched"
"PWY-6897: thiamin salvage II",0.000238285656386293,0.000244714419636364,0.0384069868121482,0.00709076894488747,0.0093631003056043,"Other","T2D_enriched"
"DTDPRHAMSYN-PWY: dTDP-L-rhamnose biosynthesis I",0.000549275735358255,0.000563986132727273,0.0381291220741044,0.0193420651324682,0.0241422856762924,"Other","T2D_enriched"
"1CMET2-PWY: N10-formyl-tetrahydrofolate biosynthesis",0.000360691989096573,0.000369481974545455,0.034736592128772,0.017746949827445,0.0223965197084362,"Other","T2D_enriched"
