"Species","Pathway_clean","rho","p","FDR","Category"
"UNINTEGRATED.g__Dialister.s__Dialister_invisus","PWY 6122  5 aminoimidazole ribonucleotide biosynthesis II",0.983719940087086,0,0,"Nucleotide metabolism"
"UNINTEGRATED.g__Dialister.s__Dialister_invisus","PWY 6277  superpathway of 5 aminoimidazole ribonucleotide biosynthesis",0.983719940087086,0,0,"Nucleotide metabolism"
"UNINTEGRATED.g__Dialister.s__Dialister_invisus_CAG_218","PWY 6122  5 aminoimidazole ribonucleotide biosynthesis II",0.981549349004486,0,0,"Nucleotide metabolism"
"UNINTEGRATED.g__Dialister.s__Dialister_invisus_CAG_218","PWY 6277  superpathway of 5 aminoimidazole ribonucleotide biosynthesis",0.981549349004486,0,0,"Nucleotide metabolism"
"UNINTEGRATED.g__Dialister.s__Dialister_invisus_CAG_218","PWY 6121  5 aminoimidazole ribonucleotide biosynthesis I",0.9793117322708,0,0,"Nucleotide metabolism"
"UNINTEGRATED.g__Dialister.s__Dialister_invisus","PWY 6121  5 aminoimidazole ribonucleotide biosynthesis I",0.974906925102627,0,0,"Nucleotide metabolism"
"UNINTEGRATED.g__Dialister.s__Dialister_invisus_CAG_218","PWY 6122  5 aminoimidazole ribonucleotide biosynthesis II",0.970596298396427,0,0,"Nucleotide metabolism"
"UNINTEGRATED.g__Dialister.s__Dialister_invisus_CAG_218","PWY 6277  superpathway of 5 aminoimidazole ribonucleotide biosynthesis",0.970596298396427,0,0,"Nucleotide metabolism"
"UNINTEGRATED.g__Lachnospira.s__Lachnospira_pectinoschiza","PWY 6122  5 aminoimidazole ribonucleotide biosynthesis II",0.968031435903205,0,0,"Nucleotide metabolism"
"UNINTEGRATED.g__Lachnospira.s__Lachnospira_pectinoschiza","PWY 6277  superpathway of 5 aminoimidazole ribonucleotide biosynthesis",0.968031435903205,0,0,"Nucleotide metabolism"
"UNINTEGRATED.g__Eubacterium.s__Eubacterium_eligens_CAG_72","PWY 6122  5 aminoimidazole ribonucleotide biosynthesis II",0.966511988842662,0,0,"Nucleotide metabolism"
"UNINTEGRATED.g__Eubacterium.s__Eubacterium_eligens_CAG_72","PWY 6277  superpathway of 5 aminoimidazole ribonucleotide biosynthesis",0.966511988842662,0,0,"Nucleotide metabolism"
"UNINTEGRATED.g__Dialister.s__Dialister_invisus_CAG_218","COA PWY 1  coenzyme A biosynthesis II  mammalian ",0.966253438527976,0,0,"Lipid and cofactor metabolism"
"UNINTEGRATED.g__Dialister.s__Dialister_invisus","PWY 6122  5 aminoimidazole ribonucleotide biosynthesis II",0.964156124528426,0,0,"Nucleotide metabolism"
"UNINTEGRATED.g__Dialister.s__Dialister_invisus","PWY 6277  superpathway of 5 aminoimidazole ribonucleotide biosynthesis",0.964156124528426,0,0,"Nucleotide metabolism"
"UNINTEGRATED.g__Dialister.s__Dialister_invisus_CAG_218","COA PWY 1  coenzyme A biosynthesis II  mammalian ",0.962169926615886,0,0,"Lipid and cofactor metabolism"
"UNINTEGRATED.g__Dialister.s__Dialister_invisus","COA PWY 1  coenzyme A biosynthesis II  mammalian ",0.959974813714156,0,0,"Lipid and cofactor metabolism"
"UNINTEGRATED.g__Dialister.s__Dialister_invisus","COA PWY 1  coenzyme A biosynthesis II  mammalian ",0.95987155955865,0,0,"Lipid and cofactor metabolism"
"UNINTEGRATED.g__Eubacterium.s__Eubacterium_sp_CAG_180","VALSYN PWY  L valine biosynthesis",0.959765365952269,0,0,"Amino acid metabolism"
"UNINTEGRATED.g__Eubacterium.s__Eubacterium_sp_CAG_180","PWY 7111  pyruvate fermentation to isobutanol  engineered ",0.959757035148763,0,0,"Energy metabolism"
"UNINTEGRATED.g__Dialister.s__Dialister_invisus_CAG_218","PWY 6387  UDP N acetylmuramoyl pentapeptide biosynthesis I  meso diaminopimelate containing ",0.958622963768329,0,0,"Lipid and cofactor metabolism"
"UNINTEGRATED.g__Lachnospiraceae_unclassified.s__Eubacterium_rectale","PWY 7111  pyruvate fermentation to isobutanol  engineered ",0.955606419403448,0,0,"Energy metabolism"
"UNINTEGRATED.g__Dialister.s__Dialister_invisus","PWY 6387  UDP N acetylmuramoyl pentapeptide biosynthesis I  meso diaminopimelate containing ",0.955380035759192,0,0,"Lipid and cofactor metabolism"
"UNINTEGRATED.g__Dialister.s__Dialister_invisus_CAG_218","COA PWY  coenzyme A biosynthesis I",0.953933486948879,0,0,"Lipid and cofactor metabolism"
"UNINTEGRATED.g__Eubacterium.s__Eubacterium_eligens","PWY 6122  5 aminoimidazole ribonucleotide biosynthesis II",0.951792696236239,0,0,"Nucleotide metabolism"
"UNINTEGRATED.g__Eubacterium.s__Eubacterium_eligens","PWY 6277  superpathway of 5 aminoimidazole ribonucleotide biosynthesis",0.951792696236239,0,0,"Nucleotide metabolism"
"UNINTEGRATED.g__Dialister.s__Dialister_invisus_CAG_218","PWY 7221  guanosine ribonucleotides de novo biosynthesis",0.948015657047562,0,0,"Nucleotide metabolism"
"UNINTEGRATED.g__Eubacterium.s__Eubacterium_eligens","PWY 6122  5 aminoimidazole ribonucleotide biosynthesis II",0.947573064416415,0,0,"Nucleotide metabolism"
"UNINTEGRATED.g__Eubacterium.s__Eubacterium_eligens","PWY 6277  superpathway of 5 aminoimidazole ribonucleotide biosynthesis",0.947573064416415,0,0,"Nucleotide metabolism"
"UNINTEGRATED.g__Dialister.s__Dialister_invisus_CAG_218","PWY 5686  UMP biosynthesis",0.947491077951616,0,0,"Nucleotide metabolism"
"UNINTEGRATED.g__Gemmiger.s__Gemmiger_formicilis","VALSYN PWY  L valine biosynthesis",0.946466154734107,0,0,"Amino acid metabolism"
"UNINTEGRATED.g__Dialister.s__Dialister_invisus","COA PWY  coenzyme A biosynthesis I",0.946326327736194,0,0,"Lipid and cofactor metabolism"
"UNINTEGRATED.g__Dialister.s__Dialister_invisus_CAG_218","PWY 5097  L lysine biosynthesis VI",0.946060782297849,0,0,"Amino acid metabolism"
"UNINTEGRATED.g__Dialister.s__Dialister_invisus_CAG_218","PWY 6387  UDP N acetylmuramoyl pentapeptide biosynthesis I  meso diaminopimelate containing ",0.945983722208099,0,0,"Lipid and cofactor metabolism"
"UNINTEGRATED.g__Eubacterium.s__Eubacterium_eligens_CAG_72","PWY 6122  5 aminoimidazole ribonucleotide biosynthesis II",0.944231097986438,0,0,"Nucleotide metabolism"
"UNINTEGRATED.g__Eubacterium.s__Eubacterium_eligens_CAG_72","PWY 6277  superpathway of 5 aminoimidazole ribonucleotide biosynthesis",0.944231097986438,0,0,"Nucleotide metabolism"
"UNINTEGRATED.g__Dialister.s__Dialister_invisus_CAG_218","PWY 2942  L lysine biosynthesis III",0.943898123165272,0,0,"Amino acid metabolism"
"UNINTEGRATED.g__Dialister.s__Dialister_invisus","PWY 5686  UMP biosynthesis",0.943800670477984,0,0,"Nucleotide metabolism"
"UNINTEGRATED.g__Dialister.s__Dialister_invisus","PWY 5097  L lysine biosynthesis VI",0.943529721836744,0,0,"Amino acid metabolism"
"UNINTEGRATED.g__Dialister.s__Dialister_invisus_CAG_218","PWY 5097  L lysine biosynthesis VI",0.94283434353908,0,0,"Amino acid metabolism"
"UNINTEGRATED.g__Dialister.s__Dialister_invisus","PWY 2942  L lysine biosynthesis III",0.941334924255948,0,0,"Amino acid metabolism"
"UNINTEGRATED.g__Dialister.s__Dialister_invisus","PWY 7221  guanosine ribonucleotides de novo biosynthesis",0.941106755826572,0,0,"Nucleotide metabolism"
"UNINTEGRATED.g__Dialister.s__Dialister_invisus_CAG_218","PWY 2942  L lysine biosynthesis III",0.940158362380551,0,0,"Amino acid metabolism"
"UNINTEGRATED.g__Dialister.s__Dialister_invisus","PWY 6387  UDP N acetylmuramoyl pentapeptide biosynthesis I  meso diaminopimelate containing ",0.939773793686876,0,0,"Lipid and cofactor metabolism"
"UNINTEGRATED.g__Dialister.s__Dialister_invisus_CAG_218","PWY 5686  UMP biosynthesis",0.939537359889725,0,0,"Nucleotide metabolism"
"UNINTEGRATED.g__Eubacterium.s__Eubacterium_eligens_CAG_72","PWY 6121  5 aminoimidazole ribonucleotide biosynthesis I",0.938730056493759,0,0,"Nucleotide metabolism"
"UNINTEGRATED.g__Eubacterium.s__Eubacterium_sp_CAG_180","PWY 6122  5 aminoimidazole ribonucleotide biosynthesis II",0.93842392002202,0,0,"Nucleotide metabolism"
"UNINTEGRATED.g__Eubacterium.s__Eubacterium_sp_CAG_180","PWY 6277  superpathway of 5 aminoimidazole ribonucleotide biosynthesis",0.93842392002202,0,0,"Nucleotide metabolism"
"UNINTEGRATED.g__Lachnospiraceae_unclassified.s__Eubacterium_rectale","VALSYN PWY  L valine biosynthesis",0.9382575636435,0,0,"Amino acid metabolism"
"UNINTEGRATED.g__Lachnospira.s__Lachnospira_pectinoschiza","PWY 6121  5 aminoimidazole ribonucleotide biosynthesis I",0.938047254218002,0,0,"Nucleotide metabolism"
"UNINTEGRATED.g__Dialister.s__Dialister_invisus","PWY 5097  L lysine biosynthesis VI",0.935676974742393,0,0,"Amino acid metabolism"
"UNINTEGRATED.g__Eubacterium.s__Eubacterium_eligens_CAG_72","DTDPRHAMSYN PWY  dTDP L rhamnose biosynthesis I",0.934146151675553,0,0,"Other metabolism"
"UNINTEGRATED.g__Lachnospira.s__Lachnospira_pectinoschiza","PWY 7111  pyruvate fermentation to isobutanol  engineered ",0.934032014420433,0,0,"Energy metabolism"
"UNINTEGRATED.g__Lachnospira.s__Lachnospira_pectinoschiza","VALSYN PWY  L valine biosynthesis",0.934006967274335,0,0,"Amino acid metabolism"
"UNINTEGRATED.g__Eubacterium.s__Eubacterium_eligens_CAG_72","DTDPRHAMSYN PWY  dTDP L rhamnose biosynthesis I",0.933911862769428,0,0,"Other metabolism"
"UNINTEGRATED.g__Dialister.s__Dialister_invisus","PWY 5686  UMP biosynthesis",0.933108900960572,0,0,"Nucleotide metabolism"
"UNINTEGRATED.g__Dialister.s__Dialister_invisus","PWY 2942  L lysine biosynthesis III",0.932238453791234,0,0,"Amino acid metabolism"
"UNINTEGRATED.g__Eubacterium.s__Eubacterium_eligens","PWY 6121  5 aminoimidazole ribonucleotide biosynthesis I",0.931528394427577,0,0,"Nucleotide metabolism"
"UNINTEGRATED.g__Eubacterium.s__Eubacterium_eligens_CAG_72","PWY 7111  pyruvate fermentation to isobutanol  engineered ",0.931127407785693,0,0,"Energy metabolism"
"UNINTEGRATED.g__Eubacterium.s__Eubacterium_eligens","DTDPRHAMSYN PWY  dTDP L rhamnose biosynthesis I",0.929978597923911,0,0,"Other metabolism"
"UNINTEGRATED.g__Eubacterium.s__Eubacterium_eligens_CAG_72","PWY 7221  guanosine ribonucleotides de novo biosynthesis",0.929821102451179,0,0,"Nucleotide metabolism"
"UNINTEGRATED.g__Faecalibacterium.s__Faecalibacterium_prausnitzii","PWY 7111  pyruvate fermentation to isobutanol  engineered ",0.928513182123522,0,0,"Energy metabolism"
"UNINTEGRATED.g__Parabacteroides.s__Parabacteroides_distasonis","VALSYN PWY  L valine biosynthesis",0.92678649444547,0,0,"Amino acid metabolism"
"UNINTEGRATED.g__Eubacterium.s__Eubacterium_eligens","PWY 7221  guanosine ribonucleotides de novo biosynthesis",0.926448716586306,0,0,"Nucleotide metabolism"
"UNINTEGRATED.g__Eubacterium.s__Eubacterium_eligens_CAG_72","VALSYN PWY  L valine biosynthesis",0.923063966515821,0,0,"Amino acid metabolism"
"UNINTEGRATED.g__Eubacterium.s__Eubacterium_eligens","DTDPRHAMSYN PWY  dTDP L rhamnose biosynthesis I",0.922973068649739,0,0,"Other metabolism"
"UNINTEGRATED.g__Lachnospira.s__Lachnospira_pectinoschiza","DTDPRHAMSYN PWY  dTDP L rhamnose biosynthesis I",0.921799388587195,0,0,"Other metabolism"
"UNINTEGRATED.g__Parabacteroides.s__Parabacteroides_distasonis","PWY 7111  pyruvate fermentation to isobutanol  engineered ",0.9212301168621,0,0,"Energy metabolism"
"UNINTEGRATED.g__Eubacterium.s__Eubacterium_eligens_CAG_72","PWY 7221  guanosine ribonucleotides de novo biosynthesis",0.920654478536929,0,0,"Nucleotide metabolism"
"UNINTEGRATED.g__Eubacterium.s__Eubacterium_eligens_CAG_72","PWY 6121  5 aminoimidazole ribonucleotide biosynthesis I",0.919996073179156,0,0,"Nucleotide metabolism"
"UNINTEGRATED.g__Faecalibacterium.s__Faecalibacterium_prausnitzii","DTDPRHAMSYN PWY  dTDP L rhamnose biosynthesis I",0.918723255690593,0,0,"Other metabolism"
"UNINTEGRATED.g__Eubacterium.s__Eubacterium_sp_CAG_180","PWY 7221  guanosine ribonucleotides de novo biosynthesis",0.918349909520153,0,0,"Nucleotide metabolism"
"UNINTEGRATED.g__Eubacterium.s__Eubacterium_eligens","PWY 6121  5 aminoimidazole ribonucleotide biosynthesis I",0.91706339978905,0,0,"Nucleotide metabolism"
"UNINTEGRATED.g__Eubacterium.s__Eubacterium_eligens","PWY 7221  guanosine ribonucleotides de novo biosynthesis",0.911905238945941,0,0,"Nucleotide metabolism"
"UNINTEGRATED.g__Eubacterium.s__Eubacterium_eligens","PWY 7111  pyruvate fermentation to isobutanol  engineered ",0.909140596987004,0,0,"Energy metabolism"
"UNINTEGRATED.g__Eubacterium.s__Eubacterium_eligens","VALSYN PWY  L valine biosynthesis",0.909002652284548,0,0,"Amino acid metabolism"
"UNINTEGRATED.g__Eubacterium.s__Eubacterium_eligens","VALSYN PWY  L valine biosynthesis",0.906030047172908,0,0,"Amino acid metabolism"
"UNINTEGRATED.g__Lachnospira.s__Lachnospira_pectinoschiza","PWY 7221  guanosine ribonucleotides de novo biosynthesis",0.905230180605569,0,0,"Nucleotide metabolism"
"UNINTEGRATED.g__Faecalibacterium.s__Faecalibacterium_prausnitzii","PWY 6122  5 aminoimidazole ribonucleotide biosynthesis II",0.90499883244254,0,0,"Nucleotide metabolism"
"UNINTEGRATED.g__Faecalibacterium.s__Faecalibacterium_prausnitzii","PWY 6277  superpathway of 5 aminoimidazole ribonucleotide biosynthesis",0.90499883244254,0,0,"Nucleotide metabolism"
"UNINTEGRATED.g__Faecalibacterium.s__Faecalibacterium_prausnitzii","VALSYN PWY  L valine biosynthesis",0.904624433598337,0,0,"Amino acid metabolism"
"UNINTEGRATED.g__Faecalibacterium.s__Faecalibacterium_prausnitzii","PWY 6121  5 aminoimidazole ribonucleotide biosynthesis I",0.894885606149279,0,0,"Nucleotide metabolism"
"UNINTEGRATED.g__Eubacterium.s__Eubacterium_eligens_CAG_72","VALSYN PWY  L valine biosynthesis",0.88374448860711,1.49071142771266e-315,1.78699032397055e-313,"Amino acid metabolism"
"UNINTEGRATED.g__Bacteroides.s__Bacteroides_fragilis_CAG_47","VALSYN PWY  L valine biosynthesis",0.880302852963944,6.54954989036102e-310,7.69931280982375e-308,"Amino acid metabolism"
"UNINTEGRATED.g__Bacteroides.s__Bacteroides_fragilis","DTDPRHAMSYN PWY  dTDP L rhamnose biosynthesis I",0.877531257042417,1.71977796487261e-305,1.8991560180572e-303,"Other metabolism"
"UNINTEGRATED.g__Lachnospira.s__Lachnospira_pectinoschiza","PWY 2942  L lysine biosynthesis III",0.875717955361146,1.17226453842765e-302,1.27141858063632e-300,"Amino acid metabolism"
"UNINTEGRATED.g__Gemmiger.s__Gemmiger_formicilis","PWY 7111  pyruvate fermentation to isobutanol  engineered ",0.873527453742113,2.71206194830821e-299,2.88985267603064e-297,"Energy metabolism"
"UNINTEGRATED.g__Eubacterium.s__Eubacterium_eligens_CAG_72","COA PWY  coenzyme A biosynthesis I",0.870892771157706,2.49802020391243e-295,2.61588655951083e-293,"Lipid and cofactor metabolism"
"UNINTEGRATED.g__Eubacterium.s__Eubacterium_eligens_CAG_72","PWY 6387  UDP N acetylmuramoyl pentapeptide biosynthesis I  meso diaminopimelate containing ",0.870788201711034,3.57382141102861e-295,3.72106285316299e-293,"Lipid and cofactor metabolism"
"UNINTEGRATED.g__Eubacterium.s__Eubacterium_eligens_CAG_72","PWY 5097  L lysine biosynthesis VI",0.867288676788086,4.80159550936261e-290,4.86054843200534e-288,"Amino acid metabolism"
"UNINTEGRATED.g__Eubacterium.s__Eubacterium_eligens","PWY 7111  pyruvate fermentation to isobutanol  engineered ",0.866902191004197,1.73287502985966e-289,1.73487450104796e-287,"Energy metabolism"
"UNINTEGRATED.g__Lachnospira.s__Lachnospira_pectinoschiza","PWY 5097  L lysine biosynthesis VI",0.864997271884712,9.13376889346856e-287,8.85246824510057e-285,"Amino acid metabolism"
"UNINTEGRATED.g__Eubacterium.s__Eubacterium_eligens","COA PWY  coenzyme A biosynthesis I",0.863860819173812,3.67075949655556e-285,3.53888406279041e-283,"Lipid and cofactor metabolism"
"UNINTEGRATED.g__Bacteroides.s__Bacteroides_fragilis_CAG_47","PWY 6700  queuosine biosynthesis",0.863277218511268,2.41478509629752e-284,2.3036544104522e-282,"Other metabolism"
"UNINTEGRATED.g__Eubacterium.s__Eubacterium_eligens_CAG_72","COA PWY  coenzyme A biosynthesis I",0.863243920430923,2.68808662159174e-284,2.55102220479287e-282,"Lipid and cofactor metabolism"
"UNINTEGRATED.g__Lachnospira.s__Lachnospira_pectinoschiza","PWY 5686  UMP biosynthesis",0.863058355406816,4.88333457773676e-284,4.61032328191407e-282,"Nucleotide metabolism"
"UNINTEGRATED.g__Eubacterium.s__Eubacterium_eligens_CAG_72","PWY 5686  UMP biosynthesis",0.859739926677535,1.8277526649323e-279,1.68199400544098e-277,"Nucleotide metabolism"
"UNINTEGRATED.g__Eubacterium.s__Eubacterium_eligens_CAG_72","PWY 6700  queuosine biosynthesis",0.858127844079137,2.76254702766352e-277,2.5042969846297e-275,"Other metabolism"
"UNINTEGRATED.g__Eubacterium.s__Eubacterium_eligens","PWY 5097  L lysine biosynthesis VI",0.857966939291662,4.54316187770374e-277,4.07787943712512e-275,"Amino acid metabolism"
"UNINTEGRATED.g__Bacteroides.s__Bacteroides_fragilis_CAG_47","VALSYN PWY  L valine biosynthesis",0.857765756649857,8.45500166492943e-277,7.51505294325264e-275,"Amino acid metabolism"
"UNINTEGRATED.g__Bacteroides.s__Bacteroides_fragilis_CAG_47","DTDPRHAMSYN PWY  dTDP L rhamnose biosynthesis I",0.857379004765334,2.78307189281426e-276,2.43799773841196e-274,"Other metabolism"
"UNINTEGRATED.g__Eubacterium.s__Eubacterium_eligens_CAG_72","PWY 5097  L lysine biosynthesis VI",0.855008795520796,3.82340545717751e-273,3.21042722743002e-271,"Amino acid metabolism"
"UNINTEGRATED.g__Eubacterium.s__Eubacterium_eligens","PWY 6387  UDP N acetylmuramoyl pentapeptide biosynthesis I  meso diaminopimelate containing ",0.854968971664255,4.3121553814024e-273,3.58775265774124e-271,"Lipid and cofactor metabolism"
"UNINTEGRATED.g__Eubacterium.s__Eubacterium_eligens_CAG_72","COA PWY 1  coenzyme A biosynthesis II  mammalian ",0.853925437347397,9.95708790037349e-272,8.24673175603206e-270,"Lipid and cofactor metabolism"
"UNINTEGRATED.g__Lachnospira.s__Lachnospira_pectinoschiza","PWY 6700  queuosine biosynthesis",0.852762162057195,3.20287258212477e-270,2.617019790085e-268,"Other metabolism"
"UNINTEGRATED.g__Eubacterium.s__Eubacterium_eligens","PWY 5097  L lysine biosynthesis VI",0.851683359270806,7.79650939402889e-269,6.31378656304891e-267,"Amino acid metabolism"
"UNINTEGRATED.g__Eubacterium.s__Eubacterium_eligens","COA PWY  coenzyme A biosynthesis I",0.851630191697167,9.1188510191874e-269,7.35197276197405e-267,"Lipid and cofactor metabolism"
"UNINTEGRATED.g__Faecalibacterium.s__Faecalibacterium_prausnitzii","PWY 5686  UMP biosynthesis",0.851408326532002,1.75218184794183e-268,1.40645398464088e-266,"Nucleotide metabolism"
"UNINTEGRATED.g__Parabacteroides.s__Parabacteroides_distasonis","PWY 2942  L lysine biosynthesis III",0.851282645520036,2.53540940009245e-268,2.01736657987269e-266,"Amino acid metabolism"
"UNINTEGRATED.g__Barnesiella.s__Barnesiella_intestinihominis","COA PWY  coenzyme A biosynthesis I",0.849601611432464,3.43738079688904e-266,2.66521342553682e-264,"Lipid and cofactor metabolism"
"UNINTEGRATED.g__Eubacterium.s__Eubacterium_eligens","PWY 5686  UMP biosynthesis",0.848697828103472,4.69681215847227e-265,3.59582413191274e-263,"Nucleotide metabolism"
"UNINTEGRATED.g__Lachnospira.s__Lachnospira_pectinoschiza","COA PWY  coenzyme A biosynthesis I",0.848665984801646,5.148463754186e-265,3.92511121610975e-263,"Lipid and cofactor metabolism"
"UNINTEGRATED.g__Eubacterium.s__Eubacterium_eligens_CAG_72","PWY 6609  adenine and adenosine salvage III",0.84841161159079,1.0712141977001e-264,8.13274745678898e-263,"Nucleotide metabolism"
"UNINTEGRATED.g__Eubacterium.s__Eubacterium_eligens_CAG_72","PWY 6700  queuosine biosynthesis",0.848336367750694,1.33011023223005e-264,1.00564060338024e-262,"Other metabolism"
"UNINTEGRATED.g__Escherichia.s__Escherichia_coli","PWY 7111  pyruvate fermentation to isobutanol  engineered ",0.847508899191203,1.42686952521989e-263,1.0699172682729e-261,"Energy metabolism"
"UNINTEGRATED.g__Eubacterium.s__Eubacterium_eligens","COA PWY 1  coenzyme A biosynthesis II  mammalian ",0.846113093148431,7.56557245549696e-262,5.6266243147596e-260,"Lipid and cofactor metabolism"
"UNINTEGRATED.g__Faecalibacterium.s__Faecalibacterium_prausnitzii","COA PWY 1  coenzyme A biosynthesis II  mammalian ",0.845429315947989,5.216309364652e-261,3.84803129284713e-259,"Lipid and cofactor metabolism"
"UNINTEGRATED.g__Eubacterium.s__Eubacterium_eligens","PWY 6700  queuosine biosynthesis",0.843863044313667,4.19596911039548e-259,3.03391877621096e-257,"Other metabolism"
"UNINTEGRATED.g__Eubacterium.s__Eubacterium_eligens","PWY 6700  queuosine biosynthesis",0.843667620038957,7.2294087557309e-259,5.20660304103449e-257,"Other metabolism"
"UNINTEGRATED.g__Eubacterium.s__Eubacterium_eligens_CAG_72","PWY 6387  UDP N acetylmuramoyl pentapeptide biosynthesis I  meso diaminopimelate containing ",0.841514491866921,2.76023386430887e-256,1.93439312467584e-254,"Lipid and cofactor metabolism"
"UNINTEGRATED.g__Eubacterium.s__Eubacterium_eligens_CAG_72","PWY 6609  adenine and adenosine salvage III",0.840985833395148,1.17209299546355e-255,8.18264615721891e-254,"Nucleotide metabolism"
"UNINTEGRATED.g__Eubacterium.s__Eubacterium_eligens_CAG_72","COA PWY 1  coenzyme A biosynthesis II  mammalian ",0.840175766537865,1.06371230414778e-254,7.28642928341229e-253,"Lipid and cofactor metabolism"
"UNINTEGRATED.g__Lachnospira.s__Lachnospira_pectinoschiza","PWY 6387  UDP N acetylmuramoyl pentapeptide biosynthesis I  meso diaminopimelate containing ",0.839987745764323,1.77167317708668e-254,1.20905082246054e-252,"Lipid and cofactor metabolism"
"UNINTEGRATED.g__Eubacterium.s__Eubacterium_eligens_CAG_72","PWY 7111  pyruvate fermentation to isobutanol  engineered ",0.839978329581301,1.81748935616921e-254,1.235689311894e-252,"Energy metabolism"
"UNINTEGRATED.g__Faecalibacterium.s__Faecalibacterium_prausnitzii","PWY 7221  guanosine ribonucleotides de novo biosynthesis",0.839470935954904,7.17635954281214e-254,4.84297952702148e-252,"Nucleotide metabolism"
"UNINTEGRATED.g__Eubacterium.s__Eubacterium_eligens","PWY 6609  adenine and adenosine salvage III",0.839329930862884,1.05022883848674e-253,7.06133567013537e-252,"Nucleotide metabolism"
"UNINTEGRATED.g__Parabacteroides.s__Parabacteroides_distasonis","PWY 7221  guanosine ribonucleotides de novo biosynthesis",0.839051713593002,2.2239529301054e-253,1.48434601976009e-251,"Nucleotide metabolism"
"UNINTEGRATED.g__Faecalibacterium.s__Faecalibacterium_prausnitzii","COA PWY  coenzyme A biosynthesis I",0.838497276982964,9.87686063232174e-253,6.54422827569216e-251,"Lipid and cofactor metabolism"
"UNINTEGRATED.g__Parabacteroides.s__Parabacteroides_distasonis","PWY 6122  5 aminoimidazole ribonucleotide biosynthesis II",0.838165558210637,2.40348291827575e-252,1.58100585754161e-250,"Nucleotide metabolism"
"UNINTEGRATED.g__Parabacteroides.s__Parabacteroides_distasonis","PWY 6277  superpathway of 5 aminoimidazole ribonucleotide biosynthesis",0.838165558210637,2.40348291827575e-252,1.58100585754161e-250,"Nucleotide metabolism"
"UNINTEGRATED.g__Escherichia.s__Escherichia_coli","VALSYN PWY  L valine biosynthesis",0.836888558188834,7.23666269326671e-251,4.72613730946282e-249,"Amino acid metabolism"
"UNINTEGRATED.g__Eubacterium.s__Eubacterium_eligens","PWY 6609  adenine and adenosine salvage III",0.835437721319719,3.34254078808748e-249,2.15973176240219e-247,"Nucleotide metabolism"
"UNINTEGRATED.g__Lachnospira.s__Lachnospira_pectinoschiza","COA PWY 1  coenzyme A biosynthesis II  mammalian ",0.834968281701979,1.14600914757991e-248,7.37859811945354e-247,"Lipid and cofactor metabolism"
"UNINTEGRATED.g__Eubacterium.s__Eubacterium_eligens","PWY 6387  UDP N acetylmuramoyl pentapeptide biosynthesis I  meso diaminopimelate containing ",0.83354754613483,4.6608280597488e-247,2.97982273953273e-245,"Lipid and cofactor metabolism"
"UNINTEGRATED.g__Eubacterium.s__Eubacterium_eligens","COA PWY 1  coenzyme A biosynthesis II  mammalian ",0.83201192904257,2.45942430641236e-245,1.55062872965881e-243,"Lipid and cofactor metabolism"
"UNINTEGRATED.g__Faecalibacterium.s__Faecalibacterium_prausnitzii","PWY 6609  adenine and adenosine salvage III",0.830341498669322,1.75664732145029e-243,1.09992683313215e-241,"Nucleotide metabolism"
"UNINTEGRATED.g__Lachnospira.s__Lachnospira_pectinoschiza","PWY 6609  adenine and adenosine salvage III",0.829635749087041,1.05158697604556e-242,6.49524281034787e-241,"Nucleotide metabolism"
"UNINTEGRATED.g__Barnesiella.s__Barnesiella_intestinihominis","PWY 2942  L lysine biosynthesis III",0.828030754314078,5.97026482739055e-241,3.62613984732944e-239,"Amino acid metabolism"
"UNINTEGRATED.g__Barnesiella.s__Barnesiella_intestinihominis","PWY 6122  5 aminoimidazole ribonucleotide biosynthesis II",0.826890648163958,1.0256980589416e-239,6.1075961869199e-238,"Nucleotide metabolism"
"UNINTEGRATED.g__Barnesiella.s__Barnesiella_intestinihominis","PWY 6277  superpathway of 5 aminoimidazole ribonucleotide biosynthesis",0.826890648163958,1.0256980589416e-239,6.1075961869199e-238,"Nucleotide metabolism"
"UNINTEGRATED.g__Barnesiella.s__Barnesiella_intestinihominis","COA PWY 1  coenzyme A biosynthesis II  mammalian ",0.826001587710872,9.28598814344011e-239,5.51140032448281e-237,"Lipid and cofactor metabolism"
"UNINTEGRATED.g__Eubacterium.s__Eubacterium_eligens_CAG_72","PWY 5686  UMP biosynthesis",0.824547668921142,3.31782355203193e-237,1.95644216639398e-235,"Nucleotide metabolism"
"UNINTEGRATED.g__Bacteroides.s__Bacteroides_fragilis_CAG_47","PWY 7221  guanosine ribonucleotides de novo biosynthesis",0.822398586101454,6.17039847579962e-235,3.56923271833476e-233,"Nucleotide metabolism"
"UNINTEGRATED.g__Bacteroides.s__Bacteroides_fragilis_CAG_47","PWY 7221  guanosine ribonucleotides de novo biosynthesis",0.820691772407141,3.72366458768487e-233,2.12692452828232e-231,"Nucleotide metabolism"
"UNINTEGRATED.g__Barnesiella.s__Barnesiella_intestinihominis","PWY 7111  pyruvate fermentation to isobutanol  engineered ",0.820483034745977,6.12966577967052e-233,3.47939689007403e-231,"Energy metabolism"
"UNINTEGRATED.g__Barnesiella.s__Barnesiella_intestinihominis","VALSYN PWY  L valine biosynthesis",0.820483034745977,6.12966577967052e-233,3.47939689007403e-231,"Amino acid metabolism"
"UNINTEGRATED.g__Eubacterium.s__Eubacterium_eligens","PWY 5686  UMP biosynthesis",0.817913887543415,2.68437543261376e-230,1.49121965724559e-228,"Nucleotide metabolism"
"UNINTEGRATED.g__Parabacteroides.s__Parabacteroides_distasonis","PWY 5097  L lysine biosynthesis VI",0.817008016347601,2.23996978248011e-229,1.22935209055934e-227,"Amino acid metabolism"
"UNINTEGRATED.g__Bacteroides.s__Bacteroides_fragilis","COA PWY  coenzyme A biosynthesis I",0.816161940843609,1.60771016566766e-228,8.74450356078518e-227,"Lipid and cofactor metabolism"
"UNINTEGRATED.g__Faecalibacterium.s__Faecalibacterium_prausnitzii","PWY 6700  queuosine biosynthesis",0.815246053826673,1.34223037165521e-227,7.23573361003834e-226,"Other metabolism"
"UNINTEGRATED.g__Gemmiger.s__Gemmiger_formicilis","PWY 6122  5 aminoimidazole ribonucleotide biosynthesis II",0.811803411971496,3.52059648377903e-224,1.85401122921785e-222,"Nucleotide metabolism"
"UNINTEGRATED.g__Gemmiger.s__Gemmiger_formicilis","PWY 6277  superpathway of 5 aminoimidazole ribonucleotide biosynthesis",0.811803411971496,3.52059648377903e-224,1.85401122921785e-222,"Nucleotide metabolism"
"UNINTEGRATED.g__Bacteroides.s__Bacteroides_fragilis_CAG_47","DTDPRHAMSYN PWY  dTDP L rhamnose biosynthesis I",0.810810208008365,3.31023176174064e-223,1.72824449658098e-221,"Other metabolism"
"UNINTEGRATED.g__Bacteroides.s__Bacteroides_fragilis_CAG_47","PWY 7111  pyruvate fermentation to isobutanol  engineered ",0.809572003732234,5.3105002732489e-222,2.75676995666291e-220,"Energy metabolism"
"UNINTEGRATED.g__Parabacteroides.s__Parabacteroides_distasonis","COA PWY 1  coenzyme A biosynthesis II  mammalian ",0.802480570968767,2.89383711637154e-215,1.44461934513441e-213,"Lipid and cofactor metabolism"
"UNINTEGRATED.g__Bacteroides.s__Bacteroides_fragilis_CAG_47","PWY 2942  L lysine biosynthesis III",0.802032837589545,7.54313883717846e-215,3.73487860739752e-213,"Amino acid metabolism"
"UNINTEGRATED.g__Parabacteroides.s__Parabacteroides_distasonis","PWY 6387  UDP N acetylmuramoyl pentapeptide biosynthesis I  meso diaminopimelate containing ",0.800579794690633,1.66161944662945e-213,8.16074607467255e-212,"Lipid and cofactor metabolism"
"UNINTEGRATED.g__Eubacterium.s__Eubacterium_eligens_CAG_72","PWY 2942  L lysine biosynthesis III",0.800335315391161,2.78867890431536e-213,1.35862348437246e-211,"Amino acid metabolism"
"UNINTEGRATED.g__Gemmiger.s__Gemmiger_formicilis","DTDPRHAMSYN PWY  dTDP L rhamnose biosynthesis I",0.795144610014165,1.40281171315515e-208,6.62192544699483e-207,"Other metabolism"
"UNINTEGRATED.g__Bacteroides.s__Bacteroides_fragilis","PWY 6700  queuosine biosynthesis",0.794229553137179,9.15649805843138e-208,4.25613650823158e-206,"Other metabolism"
"UNINTEGRATED.g__Bacteroides.s__Bacteroides_fragilis","COA PWY 1  coenzyme A biosynthesis II  mammalian ",0.791940855340138,9.58249201934142e-206,4.37600468883258e-204,"Lipid and cofactor metabolism"
"UNINTEGRATED.g__Bacteroides.s__Bacteroides_fragilis_CAG_47","PWY 6700  queuosine biosynthesis",0.79166300100172,1.67860610178479e-205,7.64647044515515e-204,"Other metabolism"
"UNINTEGRATED.g__Parabacteroides.s__Parabacteroides_distasonis","PWY 6121  5 aminoimidazole ribonucleotide biosynthesis I",0.79082528980908,9.05207440207426e-205,4.10293153433321e-203,"Nucleotide metabolism"
"UNINTEGRATED.g__Bacteroides.s__Bacteroides_fragilis_CAG_47","PWY 6387  UDP N acetylmuramoyl pentapeptide biosynthesis I  meso diaminopimelate containing ",0.790391445136665,2.15984249266988e-204,9.76538214861982e-203,"Lipid and cofactor metabolism"
"UNINTEGRATED.g__Barnesiella.s__Barnesiella_intestinihominis","PWY 5097  L lysine biosynthesis VI",0.790107763848612,3.80969353059987e-204,1.71822836190743e-202,"Amino acid metabolism"
"UNINTEGRATED.g__Bacteroides.s__Bacteroides_fragilis_CAG_47","PWY 6609  adenine and adenosine salvage III",0.789724873986536,8.18364713441186e-204,3.68183294903996e-202,"Nucleotide metabolism"
"UNINTEGRATED.g__Parabacteroides.s__Parabacteroides_distasonis","PWY 5686  UMP biosynthesis",0.784019426928195,6.02738825960825e-199,2.61488193996005e-197,"Nucleotide metabolism"
"UNINTEGRATED.g__Eubacterium.s__Eubacterium_eligens","PWY 2942  L lysine biosynthesis III",0.783362244565413,2.14402269922812e-198,9.23551716374362e-197,"Amino acid metabolism"
"UNINTEGRATED.g__Bacteroides.s__Bacteroides_fragilis","VALSYN PWY  L valine biosynthesis",0.781824340955304,4.10560810793837e-197,1.75606303602688e-195,"Amino acid metabolism"
"UNINTEGRATED.g__Bacteroides.s__Bacteroides_fragilis","VALSYN PWY  L valine biosynthesis",0.779388336687999,4.19797496745207e-195,1.75842073291825e-193,"Amino acid metabolism"
"UNINTEGRATED.g__Gemmiger.s__Gemmiger_formicilis","PWY 6121  5 aminoimidazole ribonucleotide biosynthesis I",0.777853663502204,7.51575985019477e-194,3.12659041621915e-192,"Nucleotide metabolism"
"UNINTEGRATED.g__Eubacterium.s__Eubacterium_eligens","PWY 2942  L lysine biosynthesis III",0.777604734840084,1.19744765266467e-193,4.97008967635605e-192,"Amino acid metabolism"
"UNINTEGRATED.g__Bacteroides.s__Bacteroides_fragilis_CAG_47","PWY 6609  adenine and adenosine salvage III",0.775325275093833,8.28803064030013e-192,3.40126590758803e-190,"Nucleotide metabolism"
"UNINTEGRATED.g__Barnesiella.s__Barnesiella_intestinihominis","PWY 6121  5 aminoimidazole ribonucleotide biosynthesis I",0.771892428709195,4.45859895261749e-189,1.78943020959567e-187,"Nucleotide metabolism"
"UNINTEGRATED.g__Eubacterium.s__Eubacterium_eligens_CAG_72","PWY 2942  L lysine biosynthesis III",0.769155007923011,6.20367365509723e-187,2.451998647929e-185,"Amino acid metabolism"
"UNINTEGRATED.g__Barnesiella.s__Barnesiella_intestinihominis","PWY 6609  adenine and adenosine salvage III",0.768772434194384,1.22983289319453e-186,4.85038639543236e-185,"Nucleotide metabolism"
"UNINTEGRATED.g__Parabacteroides.s__Parabacteroides_distasonis","PWY 6700  queuosine biosynthesis",0.768548959211747,1.83308991718169e-186,7.21398085982022e-185,"Other metabolism"
"UNINTEGRATED.g__Bacteroides.s__Bacteroides_fragilis","PWY 7221  guanosine ribonucleotides de novo biosynthesis",0.76555938274531,3.65911900904897e-184,1.42768324333793e-182,"Nucleotide metabolism"
"UNINTEGRATED.g__Parabacteroides.s__Parabacteroides_distasonis","PWY 6609  adenine and adenosine salvage III",0.765306793963972,5.70352976776136e-184,2.22059863030726e-182,"Nucleotide metabolism"
"UNINTEGRATED.g__Barnesiella.s__Barnesiella_intestinihominis","PWY 6700  queuosine biosynthesis",0.764577918879473,2.0466105522544e-183,7.93431720694199e-182,"Other metabolism"
"UNINTEGRATED.g__Faecalibacterium.s__Faecalibacterium_prausnitzii","PWY 6387  UDP N acetylmuramoyl pentapeptide biosynthesis I  meso diaminopimelate containing ",0.762887561899158,3.89204223490997e-182,1.48672749606488e-180,"Lipid and cofactor metabolism"
"UNINTEGRATED.g__Bacteroides.s__Bacteroides_fragilis_CAG_47","PWY 6122  5 aminoimidazole ribonucleotide biosynthesis II",0.762323510947174,1.03425898328578e-181,3.91792784500005e-180,"Nucleotide metabolism"
"UNINTEGRATED.g__Bacteroides.s__Bacteroides_fragilis_CAG_47","PWY 6277  superpathway of 5 aminoimidazole ribonucleotide biosynthesis",0.762323510947174,1.03425898328578e-181,3.91792784500005e-180,"Nucleotide metabolism"
"UNINTEGRATED.g__Bacteroides.s__Bacteroides_fragilis","PWY 6122  5 aminoimidazole ribonucleotide biosynthesis II",0.757498917551574,3.95729961629627e-178,1.45963474308774e-176,"Nucleotide metabolism"
"UNINTEGRATED.g__Bacteroides.s__Bacteroides_fragilis","PWY 6277  superpathway of 5 aminoimidazole ribonucleotide biosynthesis",0.757498917551574,3.95729961629627e-178,1.45963474308774e-176,"Nucleotide metabolism"
"UNINTEGRATED.g__Bacteroides.s__Bacteroides_fragilis_CAG_47","COA PWY 1  coenzyme A biosynthesis II  mammalian ",0.757415930180926,4.5529051539565e-178,1.67592898606548e-176,"Lipid and cofactor metabolism"
"UNINTEGRATED.g__Bacteroides.s__Bacteroides_fragilis_CAG_47","COA PWY  coenzyme A biosynthesis I",0.756593096252662,1.82260135480548e-177,6.69548775925618e-176,"Lipid and cofactor metabolism"
"UNINTEGRATED.g__Parabacteroides.s__Parabacteroides_distasonis","COA PWY  coenzyme A biosynthesis I",0.753538221094764,2.99432817283762e-175,1.08901504266017e-173,"Lipid and cofactor metabolism"
"UNINTEGRATED.g__Barnesiella.s__Barnesiella_intestinihominis","PWY 7221  guanosine ribonucleotides de novo biosynthesis",0.750252010157457,6.66241737369536e-173,2.39912859616805e-171,"Nucleotide metabolism"
"UNINTEGRATED.g__Barnesiella.s__Barnesiella_intestinihominis","DTDPRHAMSYN PWY  dTDP L rhamnose biosynthesis I",0.741490177478657,8.06442183128033e-167,2.78298920810149e-165,"Other metabolism"
"UNINTEGRATED.g__Barnesiella.s__Barnesiella_intestinihominis","PWY 5686  UMP biosynthesis",0.731624818746402,2.92720287147115e-160,9.82257155084269e-159,"Nucleotide metabolism"
"UNINTEGRATED.g__Faecalibacterium.s__Faecalibacterium_prausnitzii","PWY 5097  L lysine biosynthesis VI",0.731588534936841,3.09057880947991e-160,1.03517346484436e-158,"Amino acid metabolism"
"UNINTEGRATED.g__Bacteroides.s__Bacteroides_fragilis","PWY 2942  L lysine biosynthesis III",0.729183288465263,1.10932581944302e-158,3.6952515093366e-157,"Amino acid metabolism"
"UNINTEGRATED.g__Parabacteroides.s__Parabacteroides_distasonis","DTDPRHAMSYN PWY  dTDP L rhamnose biosynthesis I",0.722596871536001,1.65493350848043e-154,5.39437271163183e-153,"Other metabolism"
"UNINTEGRATED.g__Bacteroides.s__Bacteroides_fragilis","PWY 7221  guanosine ribonucleotides de novo biosynthesis",0.721808050900302,5.13496289316808e-154,1.66781031865268e-152,"Nucleotide metabolism"
"UNINTEGRATED.g__Bacteroides.s__Bacteroides_fragilis","DTDPRHAMSYN PWY  dTDP L rhamnose biosynthesis I",0.718977857829393,2.89043959937957e-152,9.30507066082954e-151,"Other metabolism"
"UNINTEGRATED.g__Bacteroides.s__Bacteroides_fragilis","PWY 7111  pyruvate fermentation to isobutanol  engineered ",0.715284921742487,5.16120224768923e-150,1.65276390430836e-148,"Energy metabolism"
"UNINTEGRATED.g__Bacteroides.s__Bacteroides_fragilis","PWY 6387  UDP N acetylmuramoyl pentapeptide biosynthesis I  meso diaminopimelate containing ",0.715162614823772,6.11946222067828e-150,1.95618808987682e-148,"Lipid and cofactor metabolism"
"UNINTEGRATED.g__Bacteroides.s__Bacteroides_fragilis","PWY 6609  adenine and adenosine salvage III",0.708673491969604,4.52514223077919e-146,1.41671162520666e-144,"Nucleotide metabolism"
